source_file,source_row_number,business_name,category,target_type,is_target_business,exclusion_reason,street,city,state,country_code,phone_raw,phone_e164,website,website_domain,email,google_maps_url,google_place_id,image_url,rating,reviews_count,lead_score,marketing_status,quality_notes
/Users/chiwang/Downloads/dataset_google-maps-extractor_2026-06-13_03-19-44-096.csv,2,SHOEBER,Shoe repair shop,shoe_repair,true,,100 N La Cienega Blvd,Los Angeles,California,US,(310) 975-9001,+13109759001,http://shoeber.net/,shoeber.net,,https://www.google.com/maps/search/?api=1&query=SHOEBER&query_place_id=ChIJvZsgKU-5woARF14P3NTQJBE,ChIJvZsgKU-5woARF14P3NTQJBE,https://lh3.googleusercontent.com/gps-cs-s/APNQkAHLLIdOkbQURAeWwG9jfpPOCXUO5AU7Gp9I87csvMXgO2qqDhhBakNx7Ngz92sexhxVfAQ_SSMT1HIVk0tUHSOXx_5L4hdQ3pmGcmRCPpfystEgNl6WQpccbr2gru1lpBZrpA0=w408-h544-k-no,4.6,64,100,new,duplicate_phone;duplicate_website
/Users/chiwang/Downloads/dataset_google-maps-extractor_2026-06-13_03-19-44-096.csv,3,Farmers Market Shoe Repair,Shoe repair shop,shoe_repair,true,,6333 W 3rd St #712,Los Angeles,California,US,(323) 939-5622,+13239395622,https://farmersmarketla.com/merchants/wl-handmade,farmersmarketla.com,,https://www.google.com/maps/search/?api=1&query=Farmers%20Market%20Shoe%20Repair&query_place_id=ChIJ_9RBfTG5woARl1VoKQQv8d4,ChIJ_9RBfTG5woARl1VoKQQv8d4,https://lh3.googleusercontent.com/gps-cs-s/APNQkAHpw0VIgPN3qXjvDqK-S-9jfD1PmXKw-xhja51MBRkaymoU-fud4w21coY0TJEt1TPlfuGravEaYpvs0DQy9GoMCvWwdNq-ReYJT3w9hfOi7FiL-Xq71RB-aNmv5nFNl4faHk-5=w408-h306-k-no,4.6,48,95,new,
/Users/chiwang/Downloads/dataset_google-maps-extractor_2026-06-13_03-19-44-096.csv,11,Fito's Shoe Repair,Shoe repair shop,shoe_repair,true,,2736 W Pico Blvd,Los Angeles,California,US,(323) 766-9041,+13237669041,http://fitosshoerepair.com/,fitosshoerepair.com,,https://www.google.com/maps/search/?api=1&query=Fito's%20Shoe%20Repair&query_place_id=ChIJe6O2cYfHwoARgafBHROg810,ChIJe6O2cYfHwoARgafBHROg810,https://lh3.googleusercontent.com/gps-cs-s/APNQkAHvcvL_E6mSBSicNnbaA1F6ju0uK9tZkS5oiJ8y3lj9kxNZvnaXufY-ICEiSgXLb-RqgDL-EXHP1Div4YU5h0_UNBAYuU2gLDS1UMfrUuzb2k48hM2R1kVS7SLuZDoWsE4w9AtM=w408-h306-k-no,4.2,45,90,new,
/Users/chiwang/Downloads/dataset_google-maps-extractor_2026-06-13_03-19-44-096.csv,12,Pasquale Shoe Repair,Shoe repair shop,shoe_repair,true,,5616 S San Vicente Blvd,Los Angeles,California,US,(323) 936-6883,+13239366883,http://pasqualeshoerepair.com/,pasqualeshoerepair.com,,https://www.google.com/maps/search/?api=1&query=Pasquale%20Shoe%20Repair&query_place_id=ChIJMZMRSRq5woARClphWbZUejs,ChIJMZMRSRq5woARClphWbZUejs,https://lh3.googleusercontent.com/gps-cs-s/APNQkAF9c-pEsXIR_x7s5n6GyLmdCF0ibh2sMCR9YzjrpZxgRxkWSOseSeqFNJcLMIAJcczpXR2YOuQ6ejUTRkWdQxv7jWqIhknNKtwMSOD_MnW0F7ZmZVV7wAItMz-QmcwGwLCtbEA=w408-h243-k-no,4.6,123,100,new,duplicate_phone
/Users/chiwang/Downloads/dataset_google-maps-extractor_2026-06-13_03-19-44-096.csv,14,Fast & Best Shoe Repair,Shoe repair shop,shoe_repair,true,,150 N Sweetzer Ave,Los Angeles,California,US,(323) 658-1452,+13236581452,http://www.fastandbest.com/,fastandbest.com,,https://www.google.com/maps/search/?api=1&query=Fast%20%26%20Best%20Shoe%20Repair&query_place_id=ChIJt8sEnEq5woAR93LPkgsH9iM,ChIJt8sEnEq5woAR93LPkgsH9iM,https://lh3.googleusercontent.com/gps-cs-s/APNQkAFwTzpl413GBvbJ2IYJYse99rqgnhF0sJyplaqwirfJR708FFesWO7-q7As7poOrpbscdjPx81DMWMJiNIS6Z6WkYrD-Xu4vjafBhPsKnyvxQ2ZQxI4gsILA6XDeEGxgqrJtG2AXBJma7P4=w408-h507-k-no,4.8,65,100,new,
/Users/chiwang/Downloads/dataset_google-maps-extractor_2026-06-13_03-19-44-096.csv,15,Major Shoe Repair Shop,Shoe repair shop,shoe_repair,true,,1150 S Elm Dr,Los Angeles,California,US,(310) 277-8240,+13102778240,http://majorshoerepair.com/,majorshoerepair.com,,https://www.google.com/maps/search/?api=1&query=Major%20Shoe%20Repair%20Shop&query_place_id=ChIJzUx3ieG7woARLJcAB5c7xwI,ChIJzUx3ieG7woARLJcAB5c7xwI,https://lh3.googleusercontent.com/gps-cs-s/APNQkAHEtg_NQUp2xC06r-ffxsZbY5hW_UqPn__GQbv6x8bwbjgamRcZKJqZMzLnBiVXkWlhlkP1V-wWcvVl7HTNNhXHjUCFlkwlnhGz0ytn2BJHsaVzRBoCw-7IE7L_--6kHk7_gC08=w408-h587-k-no,4.7,39,95,new,
/Users/chiwang/Downloads/dataset_google-maps-extractor_2026-06-13_03-19-44-096.csv,17,Miracle Instant Shoe Repair,Shoe repair shop,shoe_repair,true,,100 La Cienega Blvd,Los Angeles,California,US,(310) 657-5010,+13106575010,https://www.shoeber.net/,shoeber.net,,https://www.google.com/maps/search/?api=1&query=Miracle%20Instant%20Shoe%20Repair&query_place_id=ChIJy7atnUy5woARB26NNQUqUHk,ChIJy7atnUy5woARB26NNQUqUHk,https://lh3.googleusercontent.com/gps-cs-s/APNQkAE3QJ4FLONgPdZbD9QXHBtkmDYokw0miKom9Mh41175roqbJEjG0Mu9tolKulol0r-w568xjs4lhBxU5vSZzI2pEm7gxCmFCdErs_K4KbQEgg2_YGlFTLb28GNmUexYefUOJEnxFw=w408-h306-k-no,4.6,33,95,new,duplicate_name;duplicate_website
/Users/chiwang/Downloads/dataset_google-maps-extractor_2026-06-13_03-19-44-096.csv,20,Bedford Luggage & Shoe Repair,Shoe repair shop,shoe_repair,true,,11052 Santa Monica Blvd #100,Los Angeles,California,US,(310) 481-1416,+13104811416,http://bedfordshoerepair.com/,bedfordshoerepair.com,,https://www.google.com/maps/search/?api=1&query=Bedford%20Luggage%20%26%20Shoe%20Repair&query_place_id=ChIJqSq3n3e7woARrKtvt_p4Aq0,ChIJqSq3n3e7woARrKtvt_p4Aq0,https://lh3.googleusercontent.com/gps-cs-s/APNQkAE0xCPDKhaUMgP82itUqououTKu4-HbwImIyONoPdU9q9hngW8i6JtpiiDhxlsIhHqgIARyXY9xlVdjdewV74CyDqk-vcASs5EaI2Ec9b31CIUQZTuYwhtSYzTpLKLK4OcnXRql=w408-h544-k-no,4.7,101,100,new,
/Users/chiwang/Downloads/dataset_google-maps-extractor_2026-06-13_03-19-44-096.csv,22,Escobar Shoe Service,Shoe repair shop,shoe_repair,true,,8250 W 3rd St #103,Los Angeles,California,US,(323) 655-6825,+13236556825,http://www.escobarshoeservice.com/,escobarshoeservice.com,,https://www.google.com/maps/search/?api=1&query=Escobar%20Shoe%20Service&query_place_id=ChIJy51mAEq5woARswjhVp2DPWw,ChIJy51mAEq5woARswjhVp2DPWw,https://lh3.googleusercontent.com/gps-cs-s/APNQkAEMsLuHhqTrtxEuPXFN6M2_XQelxzA4OSCCqPr-TQxgowXueVfuAqM8scjs1SvV6n4iPDTCFYQROPL9pA2DNa0Qt1voEWgK1ViUkzjjqB4M5Syqc-dZGOB6hDfsaHbvFsXyIdWphx9qBW4p=w408-h544-k-no,4.5,24,95,new,
/Users/chiwang/Downloads/dataset_google-maps-extractor_2026-06-13_03-19-44-096.csv,25,Abe's Expert Shoe Repairs,Dry cleaner,shoe_repair,true,,6505 Sunset Blvd,Los Angeles,California,US,(323) 461-6687,+13234616687,http://bubblescleaners.com/,bubblescleaners.com,,https://www.google.com/maps/search/?api=1&query=Abe's%20Expert%20Shoe%20Repairs&query_place_id=ChIJobxuYzq_woARYoIK-MK4j0Q,ChIJobxuYzq_woARYoIK-MK4j0Q,https://lh3.googleusercontent.com/gps-cs-s/APNQkAHY4VEbDVwrYfJO_wTbwDO9XBUOBhnBftZ_N3iadlQIiTc0oQTDWfYErGaTpe0fHodQ2owIAxShpoq4oGtA_N6G7yMLhkBbjDp2tbUYd8mDnxga93DqVk0otdzc6dfbTzomH1vG=w408-h544-k-no,4.7,73,100,new,duplicate_phone;duplicate_website
/Users/chiwang/Downloads/dataset_google-maps-extractor_2026-06-13_03-19-44-096.csv,26,Goods & Services,Shoe repair shop,shoe_repair,true,,837 Traction Ave #309,Los Angeles,California,US,(213) 563-3230,+12135633230,https://www.shopgoodsandservices.com/,shopgoodsandservices.com,,https://www.google.com/maps/search/?api=1&query=Goods%20%26%20Services&query_place_id=ChIJTQXL1XDHwoARyKvz4NOr2lg,ChIJTQXL1XDHwoARyKvz4NOr2lg,https://lh3.googleusercontent.com/gps-cs-s/APNQkAGCN5Da1FsaZKkdHsrpFOFIUYn64Vg0Ip88CAPaOL0u8yiFaUK_mnQAjgwLEDdIYjdq-fX_8pR-xALJpqRXr4Gp_LWMqMFak8iX_0ublC-h5atOtShbeyZZWisC9Y120NZU09PBCA=w408-h408-k-no,5.0,14,95,new,
/Users/chiwang/Downloads/dataset_google-maps-extractor_2026-06-13_03-19-44-096.csv,32,Century City Shoe Services,Shoe repair shop,shoe_repair,true,,2029 Century Pk E #300,Los Angeles,California,US,(310) 277-3732,+13102773732,https://ccshoeservices.com/,ccshoeservices.com,,https://www.google.com/maps/search/?api=1&query=Century%20City%20Shoe%20Services&query_place_id=ChIJrYrupvO7woARcap4jzNK4bo,ChIJrYrupvO7woARcap4jzNK4bo,https://lh3.googleusercontent.com/gps-cs-s/APNQkAEG-FKEz2oKiW8-Eogwkp2iPczUm4rmQSQVRlC9eo7Yxk7CmakztLWv2KDG2CQgDn-eU5KP_8wF4-veZi9iWbwVUtWsI4pBdHdmhyDHQ4ob6Y_HLG7gfAQnEJ5lq9iMzpm06yssFM8voKw8=w426-h240-k-no,5.0,9,90,new,
/Users/chiwang/Downloads/dataset_google-maps-extractor_2026-06-13_03-19-44-096.csv,41,Shoe Lab,Shoe repair shop,shoe_repair,true,,10250 Santa Monica Blvd,Los Angeles,California,US,(310) 772-0013,+13107720013,http://lashoelab.com/,lashoelab.com,,https://www.google.com/maps/search/?api=1&query=Shoe%20Lab&query_place_id=ChIJX80UiYu7woARoEk6t5nipFc,ChIJX80UiYu7woARoEk6t5nipFc,https://lh3.googleusercontent.com/gps-cs-s/APNQkAHkKMcQeHpQ2W5MR7w4mTmYtAIK1qspdMHjkPM6UWNmf_KUR8oH9jrBPXVXkk9q14K5otG4hAmosEDafDynkW2w04pYgMGfirtxohdoinf7sp7FcEnNBYNmv9PjL9bpYBbyBkQvEw=w408-h306-k-no,3.9,35,85,new,duplicate_name
/Users/chiwang/Downloads/dataset_google-maps-extractor_2026-06-13_03-19-44-096.csv,43,"Saderma Leather & Shoe Findings, Inc.",Leather wholesaler,shoe_related,true,,1000 N Western Ave,Los Angeles,California,US,(323) 461-4861,+13234614861,http://www.saderma.net/,saderma.net,,https://www.google.com/maps/search/?api=1&query=Saderma%20Leather%20%26%20Shoe%20Findings%2C%20Inc.&query_place_id=ChIJgbW2ya24woARSRhbeumaIJ0,ChIJgbW2ya24woARSRhbeumaIJ0,https://lh3.googleusercontent.com/gps-cs-s/APNQkAEmTa5zRa6O9mP7ShEVFN2MJUwJoHiaW3yQDh19H28Xu4TgFzvbrXfFFU0h42oquiHbKNmbMapeQasb5HD1y-s2ux96KfxMhPSrfVhmprkezFtbOyBKyM1mHTMti1At3-a6ZAaR9A=w426-h240-k-no,4.4,39,75,new,
/Users/chiwang/Downloads/dataset_google-maps-extractor_2026-06-13_03-19-44-096.csv,44,Ballard Custom Footwear,Shoe store,shoe_related,true,,7805 Sunset Blvd,Los Angeles,California,US,(323) 876-7308,+13238767308,http://ballardfootwear.com/,ballardfootwear.com,,https://www.google.com/maps/search/?api=1&query=Ballard%20Custom%20Footwear&query_place_id=ChIJh0fM38K-woARnTcE9fNtJa0,ChIJh0fM38K-woARnTcE9fNtJa0,https://lh3.googleusercontent.com/gps-cs-s/APNQkAGtQDjRKOLTaTqmhZOtcg8qOibHcw86NVzgdi3N_sOa8KooOp519MCFaVe_ZJukDpRebtK4LFKhM1j8xMGXF6PaImgNh6cfNlg6TL4qyxTdH9Bkb45gI0oB_YI1--_CjStNp-mCwcFQbopt=w408-h544-k-no,4.7,36,80,new,
/Users/chiwang/Downloads/dataset_google-maps-extractor_2026-06-13_03-19-44-096.csv,45,Role Club,Boot store,shoe_related,true,,2307 Maple Ave,Los Angeles,California,US,,,https://www.roleclub.com/,roleclub.com,,https://www.google.com/maps/search/?api=1&query=Role%20Club&query_place_id=ChIJbS-KYNfHwoARJDDUIm_qbUA,ChIJbS-KYNfHwoARJDDUIm_qbUA,https://lh3.googleusercontent.com/gps-cs-s/APNQkAFP8PLdmgy6acbyt6H08x46ork5O1-fY8oXBMGvzMAMWqag4nBhDEtgAjr3nLyFtSg6mREJPXRHZKIMTjo8HRuKsfDtGkBixx2T5VekCX01IcBWHt0bWWKw06pVqjqgte3io6TT_r-QX-UJ=w408-h408-k-no,4.3,29,55,new,missing_phone
/Users/chiwang/Downloads/dataset_google-maps-extractor_2026-06-13_03-19-44-096.csv,46,Cleaners LA,Shoe repair shop,shoe_repair,true,,314 E 8th St,Los Angeles,California,US,(213) 910-2522,+12139102522,http://www.cleanersla.com/,cleanersla.com,,https://www.google.com/maps/search/?api=1&query=Cleaners%20LA&query_place_id=ChIJE1lsvDTGwoARE8t49Hbuu1E,ChIJE1lsvDTGwoARE8t49Hbuu1E,https://lh3.googleusercontent.com/gps-cs-s/APNQkAGDN6H5_dmWrRd5Yx02opUy62C02kBCjomVFLSN3kujrprDdvL7fFKywXyL6KCveSjoPklzn4fIUDy7SUQx_KBX8WEVpbccjvrKn148dN-ZL1ableeI4plQzxDN58-Q4bqjp7bPT5sc51EM=w408-h544-k-no,4.5,145,100,new,
/Users/chiwang/Downloads/dataset_google-maps-extractor_2026-06-13_03-19-44-096.csv,47,Occidental Cleaners #1,Shoe repair shop,shoe_repair,true,,528 S Occidental Blvd,Los Angeles,California,US,(213) 381-2255,+12133812255,http://www.occidentalcleaners.com/,occidentalcleaners.com,,https://www.google.com/maps/search/?api=1&query=Occidental%20Cleaners%20%231&query_place_id=ChIJMYTJDXHHwoARiEO7VDawg0k,ChIJMYTJDXHHwoARiEO7VDawg0k,https://lh3.googleusercontent.com/gps-cs-s/APNQkAE4RyVB7nlwJFI6MoPIXQPdbSDYDKKoxPCTEpnl0bCM_XgHcCxh_LNwEIJsl_VxD1SWKsoxyh-yXoZnhv5NzrCGYNQaftIDS1BX3ko_-hboyg86H3UJG_K7XW9lveKeOK2XnGEha4O-aE03=w408-h271-k-no,4.2,98,95,new,duplicate_website
/Users/chiwang/Downloads/dataset_google-maps-extractor_2026-06-13_03-19-44-096.csv,48,Denim Doctors - Denim Repairs,Shoe repair shop,shoe_repair,true,,"Next to open lot, White Bldg, 1425 Beverly Blvd Suite 1495",Los Angeles,California,US,(424) 256-9506,+14242569506,https://denimdoctors.com/,denimdoctors.com,,https://www.google.com/maps/search/?api=1&query=Denim%20Doctors%20-%20Denim%20Repairs&query_place_id=ChIJ_yBpTU64woAR6OB2-ZneLZ8,ChIJ_yBpTU64woAR6OB2-ZneLZ8,https://lh3.googleusercontent.com/gps-cs-s/APNQkAEmAyNFsKOqdqwHaN_thj5525EXeXBsLZhPsN81-cCUoz8q63PvwrdzkZHqp0zH0mEES7gi8o76TXPju6i8lrsKzvsgpajOMFU1tLyqtR-en4nU5L9kTN2GS6soep68AuR7SDGl=w489-h240-k-no,4.7,60,100,new,
/Users/chiwang/Downloads/dataset_google-maps-extractor_2026-06-13_03-19-44-096.csv,50,Hollywood Dry Cleaners & Alterations,Shoe repair shop,shoe_repair,true,,1246 Vine St,Los Angeles,California,US,(323) 465-5564,+13234655564,https://hollywooddrycleaners.com/?utm_source=gmb&utm_medium=organic,hollywooddrycleaners.com,,https://www.google.com/maps/search/?api=1&query=Hollywood%20Dry%20Cleaners%20%26%20Alterations&query_place_id=ChIJd6iEmja_woARpbJ_3804zUE,ChIJd6iEmja_woARpbJ_3804zUE,https://lh3.googleusercontent.com/gps-cs-s/APNQkAH5mnJd8mwikP0mX0o9xA1gLutaCd_9jVkpb0ktO_krvSYHVdTAFLO0paxvsh9l4Him5PtfzgpQqt1CFxAfBCyvHgdd2nH-09Ghlh4m0yHfjvUw1_zQRKPbHVZc_ZbvAKsNvLy-=w408-h408-k-no,4.9,153,100,new,
/Users/chiwang/Downloads/dataset_google-maps-extractor_2026-06-13_03-19-44-096.csv,51,Occidental Cleaners #3,Shoe repair shop,shoe_repair,true,,3276 W Pico Blvd,Los Angeles,California,US,(323) 641-7184,+13236417184,http://www.occidentalcleaners.com/,occidentalcleaners.com,,https://www.google.com/maps/search/?api=1&query=Occidental%20Cleaners%20%233&query_place_id=ChIJozQopWO4woAR_cfikG58S5o,ChIJozQopWO4woAR_cfikG58S5o,https://lh3.googleusercontent.com/gps-cs-s/APNQkAEqIBZPXYwZMqI3cmgYKBRNrZACu3JoRVKvTKlwrXRUm7ft9yiblyuuMHQuQMcAtagvGOa42zqSMjvmxysKZHWCzCrA6dB91ZmjhIaUUuRB7jnA67Sbw8aJ3kK_6qbFhKTc24HRi-9Owhuo=w408-h271-k-no,4.1,46,90,new,duplicate_website
/Users/chiwang/Downloads/dataset_google-maps-extractor_2026-06-13_03-19-44-096.csv,52,Shoe Lounge LA,Shoe store,shoe_related,true,,1251 Maple Ave,Los Angeles,California,US,(213) 210-1843,+12132101843,http://shoe-lounge-la.square.site/,shoe-lounge-la.square.site,,https://www.google.com/maps/search/?api=1&query=Shoe%20Lounge%20LA&query_place_id=ChIJmYCwlc3HwoAR48aD0t3HqWE,ChIJmYCwlc3HwoAR48aD0t3HqWE,https://lh3.googleusercontent.com/gps-cs-s/APNQkAEpz-ZJYNh_sgRlv6TbB2IPE3H7Cvdl9OSvX_HiTl2CKsUpIVCQTvleglyejefNEqFaGIUWHzc3X0G7phdjhD9PwwUKDQiy_TBNmk6gZfLRV2gF1T-E1G2r_EY2xfqBKMvkUDlo-w=w408-h408-k-no,4.0,30,75,new,
/Users/chiwang/Downloads/dataset_google-maps-extractor_2026-06-13_03-19-44-096.csv,53,Denim Revival - Jeans Alteration and Repair,Clothing alteration service,adjacent_service,true,,7934 W 3rd St,Los Angeles,California,US,(323) 852-0171,+13238520171,http://www.denimrevival.us/,denimrevival.us,,https://www.google.com/maps/search/?api=1&query=Denim%20Revival%20-%20Jeans%20Alteration%20and%20Repair&query_place_id=ChIJ804VJzG5woAROevsEVPTgZI,ChIJ804VJzG5woAROevsEVPTgZI,https://lh3.googleusercontent.com/gps-proxy/ALd4DhHAesSF4kySGiKjqfk-YUcUrAoEJQ5mZKvGB6Mtbm9aRPuzU-PwCPKoJPp4B6Q-kx-249GZSWbuzisfbvffvE5hb4xNAajGr_n2-NIPncStEeySTfDhSNrrm5epTEURd0K1hdvep7teJ23wQDtb5FXGGgizi5UjHOMeyY9Xb339YQsxL8XQUx-QMKcx8sEgLo_UGnU=w408-h271-k-no,4.3,42,60,new,
/Users/chiwang/Downloads/dataset_google-maps-extractor_2026-06-13_03-19-44-096.csv,54,Pico Cleaners,Dry cleaner,adjacent_service,true,,9150 W Pico Blvd,Los Angeles,California,US,(310) 274-2431,+13102742431,https://www.picocleaners.com/,picocleaners.com,,https://www.google.com/maps/search/?api=1&query=Pico%20Cleaners&query_place_id=ChIJieVcEV-5woARZyZlg6srfpE,ChIJieVcEV-5woARZyZlg6srfpE,https://lh3.googleusercontent.com/gps-cs-s/APNQkAEyXYDIZESEWrUKDIoegd5GJo4Nt32zh5anD0lxAg-aAYqkjZAvkQQ9OU0dQuq6jwp1vgmlCHOnWcsI4Uq0HUx9kG-Wt294c87wrqS8DlHUsEebNlAlna20zvVCz5cv56ynF365=w408-h272-k-no,4.7,684,70,new,
/Users/chiwang/Downloads/dataset_google-maps-extractor_2026-06-13_03-19-44-096.csv,65,Los Angeles Shoe Factory,Shoe factory,shoe_related,true,,860 S Los Angeles St,Los Angeles,California,US,(323) 918-4993,+13239184993,https://shoefactorylosangeles.com/,shoefactorylosangeles.com,,https://www.google.com/maps/search/?api=1&query=Los%20Angeles%20Shoe%20Factory&query_place_id=ChIJQZscPRzGwoAR0wGgFHjrLhQ,ChIJQZscPRzGwoAR0wGgFHjrLhQ,https://lh3.googleusercontent.com/gps-cs-s/APNQkAGtTC21pAWYelL45VuSbpoZESXAPjNPHss99LQBBH8VyK9Zuwme4ecCP1W22mKKz0xABPJxdwYfc4XW4B9kbD0PdkbOTGqoFIaTapopVg-bjW5ZUS5RrkGL-adi2afm97-W3eQ=w408-h272-k-no,4.0,27,75,new,
/Users/chiwang/Downloads/dataset_google-maps-extractor_2026-06-13_03-19-44-096.csv,66,Robert’s Shoe Repair,Shoe repair shop,shoe_repair,true,,3371 Glendale Blvd Ste #135,Los Angeles,California,US,(323) 665-6110,+13236656110,https://www.robertsshoerepair.com/,robertsshoerepair.com,,https://www.google.com/maps/search/?api=1&query=Robert%E2%80%99s%20Shoe%20Repair&query_place_id=ChIJC2YlQMnAwoAR8pg_w_XmJ2A,ChIJC2YlQMnAwoAR8pg_w_XmJ2A,https://lh3.googleusercontent.com/gps-cs-s/APNQkAHFojHy4DTUjl1R4TqmZ2_9ToEE1rblMiuWee4qCaY5U5jyO0FuVBGg8QTdum9KHzwFskXenGjqJjLKHIINLWD4VMa9xDnlw9mDdxOX1OvsF-ZT5aBLpNHBk0kSFCK8S-AKnwQuSunSZxxw=w408-h544-k-no,4.9,93,100,new,
/Users/chiwang/Downloads/dataset_google-maps-extractor_2026-06-13_03-19-44-096.csv,73,Dago's Boots,Shoe repair shop,shoe_repair,true,,5629 Lankershim Blvd,North Hollywood,California,US,(818) 752-3906,+18187523906,https://www.dagosboots.com/,dagosboots.com,,https://www.google.com/maps/search/?api=1&query=Dago's%20Boots&query_place_id=ChIJbTKvwOiVwoARhCLApcKybeI,ChIJbTKvwOiVwoARhCLApcKybeI,https://lh3.googleusercontent.com/gps-cs-s/APNQkAGIUIAeTC3XpzDFsp4GMDbPTetwCK1ag04NBr7zckAuEsvWMu8f3EWVHMOlbbYlmq86QgaYcv3CEuY-4_ZycxvI1v9E8yqMciz2lrRnFmkWo90iOwByMZKdE6ZR88zqOWrrYFj9=w408-h544-k-no,4.3,12,90,new,
/Users/chiwang/Downloads/dataset_google-maps-extractor_2026-06-13_03-19-44-096.csv,77,Shoe Doctor,Shoe repair shop,shoe_repair,true,,14006 Riverside Dr Suite 51,Sherman Oaks,California,US,(818) 986-7292,+18189867292,http://www.shoedoctorla.com/,shoedoctorla.com,,https://www.google.com/maps/search/?api=1&query=Shoe%20Doctor&query_place_id=ChIJ04zTmDOWwoARe913pv5tVW4,ChIJ04zTmDOWwoARe913pv5tVW4,https://lh3.googleusercontent.com/gps-cs-s/APNQkAGQRDAi9bBYttmj-xsaoRh_jBfb2Y-BUTEhnaN1WyFNboONFUiO1mQrkuK_zSfBrXP98O9_KTq5YAT4l01AW79MIe7biYiAp1-g62wAFoxAvGEUVn-22cjHVzl9iZ16uDuj4m-3=w408-h595-k-no,3.9,49,85,new,duplicate_name
/Users/chiwang/Downloads/dataset_google-maps-extractor_2026-06-13_03-19-44-096.csv,82,Ultimate Cleaners,Dry cleaner,adjacent_service,true,,12754 Ventura Blvd,Studio City,California,US,(818) 509-8700,+18185098700,http://www.ultimate-cleaners.com/,ultimate-cleaners.com,,https://www.google.com/maps/search/?api=1&query=Ultimate%20Cleaners&query_place_id=ChIJrYfMEfS9woARKBRXxpqFa9A,ChIJrYfMEfS9woARKBRXxpqFa9A,https://lh3.googleusercontent.com/gps-cs-s/APNQkAEgH2UrnV9ey0DwRF7jVzV4E3sjALtAetyAKex3gTSTxidJqCqJtX2_LRNdG6oIYx-eJOY2dRIQoQrVIXj6W1UpRHnQE4b9jSjMjCs2pSBLvHB-d70oYzIQH-bAjJZntVDE8uDQ=w408-h543-k-no,4.3,15,60,new,duplicate_name
/Users/chiwang/Downloads/dataset_google-maps-extractor_2026-06-13_03-19-44-096.csv,84,Calleen Cordero,Shoe store,shoe_related,true,,12666 Ventura Blvd,Studio City,California,US,(818) 285-8533,+18182858533,https://calleencordero.com/pages/lifestyle-store,calleencordero.com,,https://www.google.com/maps/search/?api=1&query=Calleen%20Cordero&query_place_id=ChIJ26VdyYq9woARsWPriwgLKbQ,ChIJ26VdyYq9woARsWPriwgLKbQ,https://lh3.googleusercontent.com/gps-cs-s/APNQkAETcHSgB0-r6hL7GVH5g4iXHXyvqupjT9I8nsP0v50ho8UQ3jnnWQILhzjfWUflAnckMXswFgQhEurVelRbd25rcVz2rZzN56z1xT7tJ4ZuqlaU-ab9fzIz65CPe90MxZIRJDDcgaqk9L-h=w507-h240-k-no,5.0,35,80,new,
/Users/chiwang/Downloads/dataset_google-maps-extractor_2026-06-13_03-19-44-096.csv,86,Angelo Shoe Shine,Shoe shining service,shoe_related,true,,,,,,,,http://angeloshoeshine.com/,angeloshoeshine.com,,https://www.google.com/maps/search/?api=1&query=Angelo%20Shoe%20Shine&query_place_id=ChIJKwAtjAafWK8RZHEYZl_tc44,ChIJKwAtjAafWK8RZHEYZl_tc44,https://lh3.googleusercontent.com/gps-cs-s/APNQkAH37v0wyNhMAGqbTxu9WZUQnF83EBjkEcofl2ExF0gQy5Ol_Fu9FF61-i-9J_GeWcYMoPay7DrqD6bvNQ2G2-HhJvMf9sylsQecDzg813VUQH5zTbcQJ55HbpzuNIfdE4dg4dBjeQ=w408-h306-k-no,5.0,22,60,new,missing_phone;missing_city;missing_state
/Users/chiwang/Downloads/dataset_google-maps-extractor_2026-06-13_03-19-44-096.csv,88,Road Runner Sports,Shoe store,shoe_related,true,,12113 Ventura Blvd,Studio City,California,US,(818) 579-7222,+18185797222,https://stores.roadrunnersports.com/ca/studiocity/running-shoe-store-118.html?utm_source=google&utm_medium=organic&utm_campaign=gmb&utm_term=118,stores.roadrunnersports.com,,https://www.google.com/maps/search/?api=1&query=Road%20Runner%20Sports&query_place_id=ChIJTfn83vy9woAR9RYfvdOHl0w,ChIJTfn83vy9woAR9RYfvdOHl0w,https://lh3.googleusercontent.com/gps-cs-s/APNQkAFpUyg39L1-a0FEjECctN3phl8kQ6oN91ELuy9zu7WgYW4saRDyLFNFkCvqTSg0-jPsfxkcbIPNQTTNHxPEgetsLTq-bGWq2Rj2IkF15EbCvpmzbUFOUjS86hZJ0NW6oM8s9-VZ2w=w408-h272-k-no,4.8,1086,85,new,
/Users/chiwang/Downloads/dataset_google-maps-extractor_2026-06-13_03-19-44-096.csv,89,Jerusalem Sandals,Shoe store,shoe_related,true,,5924 Kester Ave,Sherman Oaks,California,US,(818) 386-8381,+18183868381,https://www.jerusalemsandals.com/,jerusalemsandals.com,,https://www.google.com/maps/search/?api=1&query=Jerusalem%20Sandals&query_place_id=ChIJ0TPplKiXwoARdg_hlM02qgg,ChIJ0TPplKiXwoARdg_hlM02qgg,https://lh3.googleusercontent.com/gps-cs-s/APNQkAESS_ki6UQrWYvqCv24SGclOrLhEI5aCeTVOyDzle76FnNxmdn4s8qb-wKnM9_e89OdIph37XsP-GKyUltixSL7TT8IjWhFPW4OEGgIySQE97GKSzfPrYxmIHBSZ4r4t2odQ0XV=w408-h272-k-no,4.7,17,80,new,
/Users/chiwang/Downloads/dataset_google-maps-extractor_2026-06-13_03-19-44-096.csv,90,Elegance Shoe Co.,Shoe store,shoe_related,true,,14014 Ventura Blvd,Sherman Oaks,California,US,(818) 788-3216,+18187883216,https://dancehappy.com/contact/,dancehappy.com,,https://www.google.com/maps/search/?api=1&query=Elegance%20Shoe%20Co.&query_place_id=ChIJt1Oe7SyWwoARhj_8BZ8S57k,ChIJt1Oe7SyWwoARhj_8BZ8S57k,https://lh3.googleusercontent.com/gps-cs-s/APNQkAHO1wCaqJ9WP0gbSNhfpoISJkgjACYVbn0sIoK-BUpTp75PG1Yr3KS3Lwt_-aCT_6H42twjzXRh5VuSkzmU62Q11i6WxFpIc-qyBWOOZp0WHRbR6pzqqloqGy7lloupSDrARxaC=w408-h306-k-no,4.6,12,80,new,duplicate_website
/Users/chiwang/Downloads/dataset_google-maps-extractor_2026-06-13_03-19-44-096.csv,91,IP Tech Appliance Repair,Appliance repair service,adjacent_service,true,,14320 Addison St,Sherman Oaks,California,US,(747) 767-1814,+17477671814,https://iphomeappliancerepair.com/,iphomeappliancerepair.com,,https://www.google.com/maps/search/?api=1&query=IP%20Tech%20Appliance%20Repair&query_place_id=ChIJAQI1BkdHb40REAGc14Tb5II,ChIJAQI1BkdHb40REAGc14Tb5II,https://lh3.googleusercontent.com/gps-cs-s/APNQkAF--nhV7zrf2HHj1kGynbkr9U4XT1G1lZCUnNS4ULMlkR8ZmliDEeHFWzCDHLe5t2q7vy6Js7JWXC00niqv3rkzQjFrfQh81xY2o2b8ZkHuWhWUzTDXzp1oux7h_5E8ffv8j-d3P6g9xT8e=w408-h306-k-no,5.0,72,70,new,
/Users/chiwang/Downloads/dataset_google-maps-extractor_2026-06-13_03-19-44-096.csv,92,Zeppelin Cleaners | Dry Cleaning and Alteration Sherman Oaks,Dry cleaner,adjacent_service,true,,14832 Magnolia Blvd,Sherman Oaks,California,US,(818) 425-3613,+18184253613,https://zeppelincleaner.com/,zeppelincleaner.com,,https://www.google.com/maps/search/?api=1&query=Zeppelin%20Cleaners%20%7C%20Dry%20Cleaning%20and%20Alteration%20Sherman%20Oaks&query_place_id=ChIJjR2jjbuXwoARVj3i3CXzB6k,ChIJjR2jjbuXwoARVj3i3CXzB6k,https://lh3.googleusercontent.com/gps-cs-s/APNQkAGMR1ubJsjQaB70Mzit0lKKYFeJnFHH6SMAMD2QQHT3Od0zaUiQbtC4vShIQIVKRfomaMQmetWh3xLzzvTwpJCYt2fopM1WTAg0fkU3r628tK95C4Wb9DuZu_NdColpbkR6pF7msw=w408-h306-k-no,4.5,60,70,new,
/Users/chiwang/Downloads/dataset_google-maps-extractor_2026-06-13_03-19-44-096.csv,93,Dr Cleaners,Dry cleaner,adjacent_service,true,,4444 Lankershim Blvd #111,North Hollywood,California,US,(818) 508-9145,+18185089145,http://www.drcleaners.com/,drcleaners.com,,https://www.google.com/maps/search/?api=1&query=Dr%20Cleaners&query_place_id=ChIJf1kC_iK-woARI9enaK1Tl98,ChIJf1kC_iK-woARI9enaK1Tl98,https://lh3.googleusercontent.com/gps-cs-s/APNQkAHTL6xE6US5YYtR_TakyKnn-FDCM0PJvhmDZ6mgVYAjG1F0xvCjKpUW8gkNfSMYPkcwikGAR9Ai5EHuu_t8CbpCCThVyyejc9EikLCx19UCYIHscihneSSHu53bjDofEbhOYcbz=w408-h506-k-no,5.0,31,65,new,
/Users/chiwang/Downloads/dataset_google-maps-extractor_2026-06-13_03-19-44-096.csv,95,Dance Happy,Shoe store,shoe_related,true,,14014 Ventura Blvd,Sherman Oaks,California,US,(818) 788-0815,+18187880815,http://dancehappy.com/,dancehappy.com,,https://www.google.com/maps/search/?api=1&query=Dance%20Happy&query_place_id=ChIJ__-j7iyWwoARweWdFRgkayY,ChIJ__-j7iyWwoARweWdFRgkayY,https://lh3.googleusercontent.com/gps-cs-s/APNQkAEnmfiKH8pCJRi_2-d4XhcJS0lp1fkp7tGnGPT1kKSEkRLlIug4XP-oADjc6vTWSABOVyCfTrajFIpCPYwiLCGdq6C90Wm9g7Vt2eGfwilCmtIHkBuqIT2aa_K3odZW4MWNY04=w408-h408-k-no,4.0,8,70,new,duplicate_website
/Users/chiwang/Downloads/dataset_google-maps-extractor_2026-06-13_03-19-44-096.csv,96,SHOEBER BURBANK,Shoe repair shop,shoe_repair,true,,,,,,(310) 975-9001,+13109759001,http://shoeber.net/,shoeber.net,,https://www.google.com/maps/search/?api=1&query=SHOEBER%20BURBANK&query_place_id=ChIJvb8Rw5GVwoARImeUif8Awks,ChIJvb8Rw5GVwoARImeUif8Awks,,5.0,1,90,new,missing_city;missing_state;duplicate_phone;duplicate_website
/Users/chiwang/Downloads/dataset_google-maps-extractor_2026-06-13_03-19-44-096.csv,97,Shoe Palace,Shoe store,shoe_related,true,,14006 Riverside Dr,Sherman Oaks,California,US,(818) 528-3269,+18185283269,https://stores.shoepalace.com/ca/shermanoaks/shoe-store-fid.html,stores.shoepalace.com,,https://www.google.com/maps/search/?api=1&query=Shoe%20Palace&query_place_id=ChIJDTNXdTOWwoARORkroJnobO8,ChIJDTNXdTOWwoARORkroJnobO8,https://lh3.googleusercontent.com/gps-cs-s/APNQkAGxW9azEdcLqr7Z32Hd_mJN6l1LF2yBadQz09EBm_lJJmDW3RNca-NnP9hD_gGpFXsP19Vhd4v-A4rAHcnYn5KwBG-3kYu27PCcGbMe9xeJv1M1u4HLmN8tD0ZtJnPSth6zFakKvg=w408-h271-k-no,4.0,76,80,new,
/Users/chiwang/Downloads/dataset_google-maps-extractor_2026-06-13_03-19-44-096.csv,98,Birkenstock Sherman Oaks,Shoe store,shoe_related,true,,14447 Ventura Blvd,Sherman Oaks,California,US,(818) 788-8443,+18187888443,http://birkenstockshermanoaks.com/,birkenstockshermanoaks.com,,https://www.google.com/maps/search/?api=1&query=Birkenstock%20Sherman%20Oaks&query_place_id=ChIJddXFPM6XwoARPMgs1hVBJGA,ChIJddXFPM6XwoARPMgs1hVBJGA,https://lh3.googleusercontent.com/gps-cs-s/APNQkAGdpAqXh-yMpXkUhkqpxO5DFsQbbBDB2bpVm3OCBThdcV115E1A-seMB0NG4Q0mkE93pbd22pyZSMnnfPmav6dppMtFoMhMcwYYbV22f0ZbHXvpbVik9-Oc75t_ZyAFcenuZM1T=w426-h240-k-no,4.3,61,80,new,
/Users/chiwang/Downloads/dataset_google-maps-extractor_2026-06-13_03-19-44-096.csv,100,Bel Air Dry Cleaners,Dry cleaner,adjacent_service,true,,2926 Beverly Glen Cir C,Los Angeles,California,US,(424) 402-8131,+14244028131,http://www.belaircleaners.com/,belaircleaners.com,,https://www.google.com/maps/search/?api=1&query=Bel%20Air%20Dry%20Cleaners&query_place_id=ChIJa3n8O_u9woARu-ZpO7rezBA,ChIJa3n8O_u9woARu-ZpO7rezBA,https://streetviewpixels-pa.googleapis.com/v1/thumbnail?panoid=1xoe1tNsoPVVnO_qwCZLGg&cb_client=search.gws-prod.gps&w=408&h=240&yaw=152.70653&pitch=0&thumbfov=100,5.0,3,60,new,
/Users/chiwang/Downloads/dataset_google-maps-extractor_2026-06-13_03-19-44-096.csv,101,Val Surf,Shoe store,shoe_related,true,,4810 Whitsett Ave,Valley Village,California,US,(818) 769-6977,+18187696977,https://valsurf.com/,valsurf.com,,https://www.google.com/maps/search/?api=1&query=Val%20Surf&query_place_id=ChIJnwH71RqWwoARZ2HNGFYZH4o,ChIJnwH71RqWwoARZ2HNGFYZH4o,https://lh3.googleusercontent.com/gps-cs-s/APNQkAGIoDDoOodmAZSOTGjvshf95GZ_Lkt5ycYFojnL57uHLNiGioBl_VrdS4HxQPh-vjSt14btoHNsM7xqdYg-ztiSJkwngdSDhBEodfXmHDEzDO4LOsp-2mAZ9mpSr_WTDLkzwLE=w408-h272-k-no,4.7,210,85,new,
/Users/chiwang/Downloads/dataset_google-maps-extractor_2026-06-13_03-19-44-096.csv,103,Shoe Doctor LA,Shoe repair shop,shoe_repair,true,,,,,,(323) 917-7449,+13239177449,https://www.instagram.com/shoedoctor.la/,instagram.com,,https://www.google.com/maps/search/?api=1&query=Shoe%20Doctor%20LA&query_place_id=ChIJresc9Od2kWsRZg0t1bc_yCU,ChIJresc9Od2kWsRZg0t1bc_yCU,https://lh3.googleusercontent.com/gps-cs-s/APNQkAGqdMRye-EU-mMCk_jb-CEjA3NbJoEt0A4zTCBtv6qSG1sOxOuSzvAl9FUdycUq4vQ3FSbSo-PD29IDxiXicQ7GAq0f7KfjZtWECqBc2AHZEyNU-eCVsU3TIk6OX0Xl4FAX5o1H=w408-h272-k-no,,,80,new,missing_city;missing_state;duplicate_website
/Users/chiwang/Downloads/dataset_google-maps-extractor_2026-06-13_03-19-44-096.csv,106,Country Mart Shoe Repair,Shoe repair shop,shoe_repair,true,,225 26th St,Santa Monica,California,US,(310) 394-1856,+13103941856,https://www.brentwoodcountrymart.com/country-mart-shoe-repair-2,brentwoodcountrymart.com,,https://www.google.com/maps/search/?api=1&query=Country%20Mart%20Shoe%20Repair&query_place_id=ChIJx3qVjFWjwoARjCPVdKfGNlg,ChIJx3qVjFWjwoARjCPVdKfGNlg,https://streetviewpixels-pa.googleapis.com/v1/thumbnail?panoid=SOztWGxMb5A19Cw0uKT_fA&cb_client=search.gws-prod.gps&w=408&h=240&yaw=160.91422&pitch=0&thumbfov=100,3.3,12,85,new,
/Users/chiwang/Downloads/dataset_google-maps-extractor_2026-06-13_03-19-44-096.csv,107,Miracle Instant Shoe Repair,Shoe repair shop,shoe_repair,true,,324 Culver Blvd,Playa Del Rey,California,US,(310) 823-3055,+13108233055,http://www.miracleshoerepair.com/,miracleshoerepair.com,,https://www.google.com/maps/search/?api=1&query=Miracle%20Instant%20Shoe%20Repair&query_place_id=ChIJr4HLvWawwoARVIJiLGvkHt4,ChIJr4HLvWawwoARVIJiLGvkHt4,https://lh3.googleusercontent.com/gps-cs-s/APNQkAEnhQnM46_uuQZ3N1IewNAuUsjffofxe9I0jyMGLJK_vG0PuHvhI7qP0IBHGAm5IwdEljCdYHJ8wV-z68ryunYZYSMaDzwsu16HA3QFthxz6rGdE1IjhFzB3ZsmoCH89PQXCtCtXQ=w426-h240-k-no,4.9,90,100,new,duplicate_name
/Users/chiwang/Downloads/dataset_google-maps-extractor_2026-06-13_03-19-44-096.csv,113,Shoe Lab Brentwood,Shoe repair shop,shoe_repair,true,,11704 San Vicente Blvd,Los Angeles,California,US,(310) 826-3663,+13108263663,https://www.shoelabbrentwood.com/,shoelabbrentwood.com,,https://www.google.com/maps/search/?api=1&query=Shoe%20Lab%20Brentwood&query_place_id=ChIJQXHTeKC8woARKSDWc3NZx20,ChIJQXHTeKC8woARKSDWc3NZx20,https://lh3.googleusercontent.com/gps-cs-s/APNQkAF3pQPKMAfS3N1rtxN-IBYADu7XLgLpKjofWHOvsoXvLQ_TgmC-inPiYmCe1YOd9BfWhfMP3DqCgtFWU3BWaIgr0TEfdmsuGj6b5kK-hHm3pDQ8yw471tumzJO3Ycd9aWiOJIpq9g=w408-h486-k-no,3.3,21,85,new,
/Users/chiwang/Downloads/dataset_google-maps-extractor_2026-06-13_03-19-44-096.csv,118,Johnnys shoe repair,Shoe repair shop,shoe_repair,true,,8831 Reseda Blvd,Northridge,California,US,(818) 349-5868,+18183495868,http://johnnys-shoe-repair-northridge.jany.io/,johnnys-shoe-repair-northridge.jany.io,,https://www.google.com/maps/search/?api=1&query=Johnnys%20shoe%20repair&query_place_id=ChIJ4bkWoK2bwoARJTiPYFCINfo,ChIJ4bkWoK2bwoARJTiPYFCINfo,https://lh3.googleusercontent.com/gps-cs-s/APNQkAFa-e5QUtWD5525O3Q31wuRxqgs0eh0MCvfy2nZ90lGHdpH60IQJrFihs4-AHcZGZL5-aLRNPT_1bqxP90dT8_A2i06jcJ746qjzLDPGJTGGBE7Klf1U3Qla0BzV3R_i2mQh_3kJIhT29de=w408-h305-k-no,4.8,80,100,new,
/Users/chiwang/Downloads/dataset_google-maps-extractor_2026-06-13_03-19-44-096.csv,121,San Pedro Shoe & handbag repair,Shoe repair shop,shoe_repair,true,,1434 W 8th St,San Pedro,California,US,(310) 831-1733,+13108311733,http://designerhandbagrepair.com/,designerhandbagrepair.com,,https://www.google.com/maps/search/?api=1&query=San%20Pedro%20Shoe%20%26%20handbag%20repair&query_place_id=ChIJw8hjEttJ3YAR6hxh8Vux0og,ChIJw8hjEttJ3YAR6hxh8Vux0og,https://lh3.googleusercontent.com/gps-cs-s/APNQkAHWzUX10hsJPsndCABklX-0t4Hf0wAyG9Us84Xmz7fKH4XMrv9tOsUUUs7e5b18hV7ZnlIuF2-K5AmhOrriAMrfvhyqxUxsb2QJq9u0gJhj9vlIFa_xWJtuPlur3HCg3yIOpO47=w408-h544-k-no,4.8,118,100,new,
/Users/chiwang/Downloads/dataset_google-maps-extractor_2026-06-13_03-19-44-096.csv,139,Leatherpros,Leather repair service,shoe_repair,true,,9501 Cordero Ave,Tujunga,California,US,(818) 795-1972,+18187951972,http://www.leatherpros.us/,leatherpros.us,,https://www.google.com/maps/search/?api=1&query=Leatherpros&query_place_id=ChIJbx0VvjDrwoARJEcUpy6d0as,ChIJbx0VvjDrwoARJEcUpy6d0as,https://lh3.googleusercontent.com/gps-cs-s/APNQkAHKL-ue660wj_FQJY65oULC1csvHBH-7v5ZleA9NHlH7I6mwYRCqHUVaaY5gWNdcIBo8eL3eQ_ZxN5q219l2ESyE1FrfJ9naOFa_moO_1G5WGIwNin4Kcs4sYsc3ku8xSUiBo6i=w408-h444-k-no,5.0,4,90,new,
/Users/chiwang/Downloads/dataset_google-maps-extractor_2026-06-13_03-19-44-096.csv,141,CROWN DANCE SHOES All American,Shoe repair shop,shoe_repair,true,,13249 Louvre St,Pacoima,California,US,(818) 955-7704,+18189557704,https://www.crowndanceshoes.com/,crowndanceshoes.com,,https://www.google.com/maps/search/?api=1&query=CROWN%20DANCE%20SHOES%20All%20American&query_place_id=ChIJ9VBp2GCVwoARDo8ThmmGrfU,ChIJ9VBp2GCVwoARDo8ThmmGrfU,https://lh3.googleusercontent.com/gps-cs-s/APNQkAFAFw-B7LWVRoZKIpI49C8z6l6R-C7h8fhVMm_xpWdY_nTjB24bTg-vSi8S9mHlJLC1gvfc_tfMQinH1qNnPVfrKMV1_yhArLalFNC6LCK29TdSjxqodCeQhEFwNvUejFTYZ1ez=w408-h544-k-no,4.7,24,95,new,
/Users/chiwang/Downloads/dataset_google-maps-extractor_2026-06-13_03-19-44-096.csv,145,Northridge Cleaners – Eco-Friendly Dry Cleaning,Shoe repair shop,shoe_repair,true,,9250 Reseda Blvd #12,Northridge,California,US,(818) 886-1002,+18188861002,http://northridgecleaners.com/,northridgecleaners.com,,https://www.google.com/maps/search/?api=1&query=Northridge%20Cleaners%20%E2%80%93%20Eco-Friendly%20Dry%20Cleaning&query_place_id=ChIJj8Nq86qbwoARJI4mL_AUdEw,ChIJj8Nq86qbwoARJI4mL_AUdEw,https://lh3.googleusercontent.com/gps-cs-s/APNQkAEqXaWWhfdvLFh4DoQmpPYewND-vsCrJBhCG2nEKTTz1BVO1_vEwn7opPayacYxUJp0LSftrwgMwUhpRv6bxn_Pux9tGVZ43njIK3fxiUzLKg2sj7f38zJyLwRt1h5IEaLMtyB9=w426-h240-k-no,4.3,69,95,new,
/Users/chiwang/Downloads/dataset_google-maps-extractor_2026-06-13_03-19-44-096.csv,151,VEJA LOS ANGELES - VENICE,Shoe store,shoe_related,true,,1108C Abbot Kinney Blvd,Venice,California,US,(310) 310-2281,+13103102281,https://www.veja-store.com/en_us/,veja-store.com,,https://www.google.com/maps/search/?api=1&query=VEJA%20LOS%20ANGELES%20-%20VENICE&query_place_id=ChIJMxuNOc-7woARmI3J-Zj57AM,ChIJMxuNOc-7woARmI3J-Zj57AM,https://lh3.googleusercontent.com/gps-cs-s/APNQkAHWZlaHbCrxnX6WEc1VA8SnBfIeUfm3588I0inaFConu8XKRNVyX18gbm1dLRKhXYoHFBCTSodjI7A7ZOOHICAhfK9xsbCZNZJX-kRJSBhQnkgNPsdbi2hYJf2DcG-mfIxMOjQln7MZeW6J=w408-h544-k-no,4.7,25,80,new,
/Users/chiwang/Downloads/dataset_google-maps-extractor_2026-06-13_03-19-44-096.csv,155,Lincoln Dry Cleaners,Dry cleaner,adjacent_service,true,,839 Lincoln Blvd,Venice,California,US,(310) 399-7915,+13103997915,http://lincolndrycleaners.co/,lincolndrycleaners.co,,https://www.google.com/maps/search/?api=1&query=Lincoln%20Dry%20Cleaners&query_place_id=ChIJayc34em6woARysPE6GGW32g,ChIJayc34em6woARysPE6GGW32g,https://lh3.googleusercontent.com/gps-cs-s/APNQkAE_oiIw5ncMNlpI3GBwcKvkqgFKxWdSeY8E1sbUCPxE30GrTYWCAk7zH2fKc7lFWIYbTCuddYpsuSGLFlQepjEjFuhx4REd21MRjf8UHL2JdwWV9Wt53EkRJKmJAH5PJTHpYbHy_w=w408-h355-k-no,3.6,28,55,new,
/Users/chiwang/Downloads/dataset_google-maps-extractor_2026-06-13_03-19-44-096.csv,159,Campus Shoe,Shoe repair shop,shoe_repair,true,,6600 Topanga Canyon Blvd,Canoga Park,California,US,(747) 226-3940,+17472263940,http://www.campusshoerepair.com/,campusshoerepair.com,,https://www.google.com/maps/search/?api=1&query=Campus%20Shoe&query_place_id=ChIJASdJgiKcwoARFkuzD92SQ4Q,ChIJASdJgiKcwoARFkuzD92SQ4Q,https://lh3.googleusercontent.com/gps-cs-s/APNQkAFHWe2TzKD2UQZMqIG-bWcWhxHEqlD_rvBYI7fnOTTGr0NREcETxnCzxfQZfBT8riuwWz6pXHhfSKi7RWEoemmjyXlg7y2OOykTEeF_aS5FLKpVf-3ZOJZxRwN5c5NL46EGBd8=w408-h272-k-no,3.7,19,85,new,
/Users/chiwang/Downloads/dataset_google-maps-extractor_2026-06-13_03-19-44-096.csv,160,Work Boot Warehouse,Boot store,shoe_related,true,,21715 Sherman Way #1932,Canoga Park,California,US,(818) 703-8498,+18187038498,https://www.workbootwarehouse.com/?utm_source=gmb&utm_medium=local&utm_campaign=canoga_park,workbootwarehouse.com,,https://www.google.com/maps/search/?api=1&query=Work%20Boot%20Warehouse&query_place_id=ChIJZcLXbhWcwoARNLE9tn4AAYs,ChIJZcLXbhWcwoARNLE9tn4AAYs,https://lh3.googleusercontent.com/gps-cs-s/APNQkAGhW8esmfMcurvFiYt68dmJUpS8jdpwuKafpIOMe90GVLtkdfNVgmYJbpuQIcZnZNtz-7kM4r9yKYkkEEief1vGfjwaSQMrSaoPyDhflFZuaJwCtxsRM72La0qSfJytjoJCnQ59cnCRYqvw=w408-h544-k-no,4.6,238,85,new,
/Users/chiwang/Downloads/dataset_google-maps-extractor_2026-06-13_03-19-44-096.csv,166,"Viviano Custom Shoe Company, Inc.",Orthopedic shoe store,shoe_related,true,,7801 Canoga Ave #12,Canoga Park,California,US,(818) 292-8250,+18182928250,https://vivianocustomshoes.com/,vivianocustomshoes.com,,https://www.google.com/maps/search/?api=1&query=Viviano%20Custom%20Shoe%20Company%2C%20Inc.&query_place_id=ChIJ7fStXx2cwoAR3dOINyPayII,ChIJ7fStXx2cwoAR3dOINyPayII,https://lh3.googleusercontent.com/gps-cs-s/APNQkAHt60-lymjIUAiame0z4xIVIZKflMICwLGsplYxDCAsqQ1Pgn7P454vYWJbYrAblxbwfnA50xuo9Kw_T4zJdLBidlpw1p9RtT6IMVClIGizyHsFtUkf3_2wEL9vJCJFJJrksISq=w408-h544-k-no,4.6,12,80,new,
/Users/chiwang/Downloads/dataset_google-maps-extractor_2026-06-13_03-19-44-096.csv,169,Chic Wide Shoes,Shoe store,shoe_related,true,,18768 Ventura Blvd,Tarzana,California,US,(818) 708-0855,+18187080855,https://www.chicwideshoes.com/,chicwideshoes.com,,https://www.google.com/maps/search/?api=1&query=Chic%20Wide%20Shoes&query_place_id=ChIJgSPGcQ6ZwoARk26UL-AboV0,ChIJgSPGcQ6ZwoARk26UL-AboV0,https://lh3.googleusercontent.com/gps-cs-s/APNQkAHiu_raARdO70hL-xxxqJB7MenwabzFJiVIRUJLD7h2oMMsiKEWVwLLo73rvEe0EvwmKnk3fzancnjVswXuWfiFh1Os7mDKTWpy-5vi8YMLbwDxh7RgYKBk3pkk8HbSCYOVOpky=w408-h544-k-no,4.8,91,85,new,
/Users/chiwang/Downloads/dataset_google-maps-extractor_2026-06-13_03-19-44-096.csv,171,Bella Cleaners,Dry cleaner,adjacent_service,true,,4760 Admiralty Way,Marina Del Rey,California,US,(310) 823-4018,+13108234018,https://limpiezaexpress.us/,limpiezaexpress.us,,https://www.google.com/maps/search/?api=1&query=Bella%20Cleaners&query_place_id=ChIJx0fleYC6woARkNgOzOcVpgQ,ChIJx0fleYC6woARkNgOzOcVpgQ,https://lh3.googleusercontent.com/gps-cs-s/APNQkAGWHAn5BGCrRVgfsHUYWDQBDBA-atvuaiS6SwtKTMyjcU_6MB1OgXe55CqYqobaDuhcxP92xmltUC1G6BklbcROoXQNusT14cMTsEdt8J0aP4u2hrlrcDmd45JpmwB8xsFT5ifc=w408-h306-k-no,3.9,20,55,new,
/Users/chiwang/Downloads/dataset_google-maps-extractor_2026-06-13_03-19-44-096.csv,172,Brighton,Shoe store,shoe_related,true,,4736 Admiralty Way B-6,Marina Del Rey,California,US,(310) 306-1931,+13103061931,https://www.brighton.com/pages/store-marina-del-rey-ca-340072?utm_source=google&utm_medium=maps&utm_campaign=BR340072,brighton.com,,https://www.google.com/maps/search/?api=1&query=Brighton&query_place_id=ChIJk_YMFoCwwoARu9Ere2mW6Gs,ChIJk_YMFoCwwoARu9Ere2mW6Gs,https://lh3.googleusercontent.com/gps-cs-s/APNQkAGSxYqCp5gEzoIatY6Thb57W1GKxslyFyT4uQOueOYpyvuFpYxGR1pQn0NMfDsen7T8TYygn45MGjNS9I4F7avQb7-u5lhWxTOl8g2c9gRBUSl35aRO17HzQ01vb9mJmrYQ-Lhw=w408-h306-k-no,4.6,42,80,new,
/Users/chiwang/Downloads/dataset_google-maps-extractor_2026-06-13_03-19-44-096.csv,173,Hollyway Cleaners,Dry cleaner,adjacent_service,true,,13020 Pacific Promenade #4,Playa Vista,California,US,(310) 862-5790,+13108625790,http://www.hollywaycleaners.com/,hollywaycleaners.com,,https://www.google.com/maps/search/?api=1&query=Hollyway%20Cleaners&query_place_id=ChIJI2ylGpqwwoARHrI-i3JUkMY,ChIJI2ylGpqwwoARHrI-i3JUkMY,https://lh3.googleusercontent.com/gps-cs-s/APNQkAHITXc1YGTEJHkGVqaixKrOYduU_I8RpYD0EUZy1P0QONl0ayKFSf9X3-UAS4sEVCcKpjugsm2aTkSMIRqOKVNvwjqVOxciujURFPKz9VjlRrpFBY9sdGhTpuA1Q66T1m1Nj7LostLvL8be=w408-h544-k-no,3.9,43,55,new,duplicate_name
/Users/chiwang/Downloads/dataset_google-maps-extractor_2026-06-13_03-19-44-096.csv,179,The Mac Studio,Computer repair service,adjacent_service,true,,1316 Abbot Kinney Blvd,Venice,California,US,(855) 622-3497,+18556223497,http://themacstudio.com/,themacstudio.com,,https://www.google.com/maps/search/?api=1&query=The%20Mac%20Studio&query_place_id=ChIJYdWoYde6woARoMAR1T38pUI,ChIJYdWoYde6woARoMAR1T38pUI,https://lh3.googleusercontent.com/gps-cs-s/APNQkAG2R___1FV3NWsL5OMCXgT5QDZf-lKzEj8ypoSUhgVs_Pgf1XluqEdBe8lS8djaOqS7aTFtTR-lca7YqmCZNked2EuVMsF5ey3xz1E5xewd6ezDQpffmNOnbEZDJbRtZ4YyvhvY=w408-h609-k-no,4.8,99,70,new,
/Users/chiwang/Downloads/dataset_google-maps-extractor_2026-06-13_03-19-44-096.csv,180,Arbor Venice,Shoe store,shoe_related,true,,102 Washington Blvd,Venice,California,US,(310) 577-1131,+13105771131,https://www.arborcollective.com/pages/arbor-flagship-venice-ca,arborcollective.com,,https://www.google.com/maps/search/?api=1&query=Arbor%20Venice&query_place_id=ChIJK8U0-6K6woARMe4tUOz6q-s,ChIJK8U0-6K6woARMe4tUOz6q-s,https://lh3.googleusercontent.com/gps-cs-s/APNQkAFlppOd_HY41rgfyHlJgD3AtAd59ZbY5XPIgkNq7M4LyMbG88WLtHYd06h0zKYyoCA08mifAhsbBVogmgLXCW7V0rUwfcETXjciCa0wOWXaRo3HFQtU0VLOrfIr_nbBuv3i3UKm=w408-h408-k-no,4.7,131,85,new,
/Users/chiwang/Downloads/dataset_google-maps-extractor_2026-06-13_03-19-44-096.csv,183,REI,Shoe store,shoe_related,true,,4655 Admiralty Way,Marina Del Rey,California,US,(424) 414-1900,+14244141900,https://www.rei.com/stores/marina-del-rey?y_source=1_MTAwNzYxNDI5Ny03MTUtbG9jYXRpb24ud2Vic2l0ZQ%3D%3D,rei.com,,https://www.google.com/maps/search/?api=1&query=REI&query_place_id=ChIJ4XH1agK7woAR4sfSbfIbe_w,ChIJ4XH1agK7woAR4sfSbfIbe_w,https://lh3.googleusercontent.com/gps-cs-s/APNQkAGvU0xKlTpRmyRfXmIkT-4ML0UdaKmTNHROcKd-ucguaCU8WCJO9XyzjKJ9GKngDUtNj0FthF2TwHSwaS0nhf57TqwHdSpJ-ZM6n-Ap5YMe7g8fZDhet754OaDtFSF52Cm84felF8jnePt6=w408-h306-k-no,3.7,161,75,new,
/Users/chiwang/Downloads/dataset_google-maps-extractor_2026-06-13_03-19-44-096.csv,188,Porter Ranch Cleaners,Dry cleaner,adjacent_service,true,,19450 Rinaldi St,Porter Ranch,California,US,(818) 452-4894,+18184524894,http://www.theporterranchcleaners.com/,theporterranchcleaners.com,,https://www.google.com/maps/search/?api=1&query=Porter%20Ranch%20Cleaners&query_place_id=ChIJO2fblkqbwoARFgHooilF9jU,ChIJO2fblkqbwoARFgHooilF9jU,https://lh3.googleusercontent.com/gps-cs-s/APNQkAFhf9aF8Ug0CxhzrJIAoXri_wvmSMvCgwNTkKx4nE-1jmSUB28sBHODafqBg3oc4SCJLRJyzRGbzkDoiYT7aLHTS90MZuZdN-edObywyk0N_HAVJ5-sI-GhlpcOhFM6POGbHkbgjbw90Os=w408-h546-k-no,4.9,448,70,new,
/Users/chiwang/Downloads/dataset_google-maps-extractor_2026-06-13_03-19-44-096.csv,191,Fast-Fix Jewelry & Watch Repairs,Jewelry repair service,adjacent_service,true,,9301 Tampa Ave #25,Northridge,California,US,(818) 700-1303,+18187001303,http://fastfix.com/Stores/Northridge-Fashion-Center,fastfix.com,,https://www.google.com/maps/search/?api=1&query=Fast-Fix%20Jewelry%20%26%20Watch%20Repairs&query_place_id=ChIJX7X1sHSbwoARl6Z01ZNAZhY,ChIJX7X1sHSbwoARl6Z01ZNAZhY,https://lh3.googleusercontent.com/gps-cs-s/APNQkAE_NTqQv6v4IK36AQJSy3VPBxPAcXy5MFI01l2PKO43GxaVYdLnA1cljGRSy0R-yeehCHw5bK8ZXQLUHXdPRjNn9TAlhTXgbq_zBZTC5kaHWru_RUoenBMbsFbev7fJD-cKD2At=w408-h272-k-no,4.8,396,70,new,
/Users/chiwang/Downloads/dataset_google-maps-extractor_2026-06-13_03-19-44-096.csv,193,The Ave Venice,Shoe store,shoe_related,true,,64 Windward Ave,Venice,California,US,(310) 452-5577,+13104525577,https://theavecustoms.com/,theavecustoms.com,,https://www.google.com/maps/search/?api=1&query=The%20Ave%20Venice&query_place_id=ChIJZZ0arrm6woAR4_uaH5Mis3Y,ChIJZZ0arrm6woAR4_uaH5Mis3Y,https://lh3.googleusercontent.com/gps-cs-s/APNQkAHYGr9P6MbHAuZwL7U-mjVKW0j7emXHaa5lgjkCFBc2Xk4XSYNtsyM_2YFtBDB7eFwbInpvRIdJqSU7LWkCsBOu2HO3HNFnheUAEdaReLk3X3n7ktR2SgNNv4MTRm6CJXsycL7a=w408-h306-k-no,3.1,22,70,new,
/Users/chiwang/Downloads/dataset_google-maps-extractor_2026-06-13_03-19-44-096.csv,194,Relocating to new location - DSW Designer Shoe Warehouse,Shoe store,shoe_related,true,,13450 Maxella Ave,Marina Del Rey,California,US,(310) 823-0600,+13108230600,https://stores.dsw.com/usa/ca/marinadelrey/dsw-designer-shoe-warehouse-villa-marina.html?y_source=1_MTY1MTU5NS03MTUtbG9jYXRpb24ud2Vic2l0ZQ%3D%3D,stores.dsw.com,,https://www.google.com/maps/search/?api=1&query=Relocating%20to%20new%20location%20-%20DSW%20Designer%20Shoe%20Warehouse&query_place_id=ChIJeYHIwIe6woARYcLNHJvokoc,ChIJeYHIwIe6woARYcLNHJvokoc,https://lh3.googleusercontent.com/gps-cs-s/APNQkAG9YpzBrNmUS4bZMzhnvCBMDOJ1e44LwP41PKsLnY-Z3EMj6aV4pLXFeYAbiIii7ypixTbiTLFSuBPzY-r0bHQ3G-wlH2sTxvkP6EYYb3WHKGClDmczVBijsNRZKHOM-e188suc=w408-h544-k-no,4.1,428,80,new,
/Users/chiwang/Downloads/dataset_google-maps-extractor_2026-06-13_03-19-44-096.csv,196,Beverly Crest Cleaners,Dry cleaner,adjacent_service,true,,10301 Santa Monica Blvd,Los Angeles,California,US,(310) 277-5165,+13102775165,http://beverlycrestcleaners.com/,beverlycrestcleaners.com,,https://www.google.com/maps/search/?api=1&query=Beverly%20Crest%20Cleaners&query_place_id=ChIJCWvv-4u7woARUuHnDwIP5jc,ChIJCWvv-4u7woARUuHnDwIP5jc,https://lh3.googleusercontent.com/gps-cs-s/APNQkAGDrEAQ_dJRTa0xWWufIg6D-QU8G4VpSA_RPBgOaOunir7PbRaa3nCtusSemZTMj7C_lzHEcryQK8YcyZW-Wf7ihV1xUOOZ1gqnjUPlTNOzmdz5uveP2r5Pubt9Ii1IWv1yAvCI=w408-h272-k-no,4.9,66,70,new,
/Users/chiwang/Downloads/dataset_google-maps-extractor_2026-06-13_03-19-44-096.csv,197,Mr. Dryclean,Shoe repair shop,shoe_repair,true,,4540 Saugus Ave,Sherman Oaks,California,US,(818) 981-0905,+18189810905,https://mrdrycleanshermanoaks.com/,mrdrycleanshermanoaks.com,,https://www.google.com/maps/search/?api=1&query=Mr.%20Dryclean&query_place_id=ChIJaRFereuXwoARXMqiodcMAGk,ChIJaRFereuXwoARXMqiodcMAGk,https://lh3.googleusercontent.com/gps-cs-s/APNQkAGLqi-MZIElG2nS7m_zsKbuZmqjnuyOYvXvWLTBtkMYQRp7N2gb-BRGlHHZ6Zi5tC9ZRx8BJ0iU1xn6svYalX7SysiJo8znbEmTfHlSsLXXlHWnsMOhjiJGSA9plNX5IjVxGCmomfz9jQ6N=w429-h240-k-no,4.5,61,100,new,
/Users/chiwang/Downloads/dataset_google-maps-extractor_2026-06-13_03-19-44-096.csv,200,Ultimate Cleaners,Shoe repair shop,shoe_repair,true,,18454 Clark St,Tarzana,California,US,(818) 342-7772,+18183427772,https://ultimatecleaners.wixsite.com/west/services,ultimatecleaners.wixsite.com,,https://www.google.com/maps/search/?api=1&query=Ultimate%20Cleaners&query_place_id=ChIJRyG-aAiZwoAR8jhGOZNJDc0,ChIJRyG-aAiZwoAR8jhGOZNJDc0,https://lh3.googleusercontent.com/gps-cs-s/APNQkAGFJniVuO5igBGuDPEsNdIkAvceXZyl5a1hSxqqo8WlUhbFII4ciykbd7T2rsEXH313yHVpRRgFMRSM8CnBKUbMSfHal25XwMxACRP8pN3XXQQBmT3yEI3JvvlWQFOuA4Fwj1viu0OeoH-e=w408-h544-k-no,4.9,15,95,new,duplicate_name
/Users/chiwang/Downloads/dataset_google-maps-extractor_2026-06-13_03-19-44-096.csv,225,Maria's Shoes,Shoe store,shoe_related,true,,2325 E Cesar E Chavez Ave,Los Angeles,California,US,(323) 262-1508,+13232621508,http://dbcooper.in/,dbcooper.in,,https://www.google.com/maps/search/?api=1&query=Maria's%20Shoes&query_place_id=ChIJjVWyaAjGwoARj18ysldswpA,ChIJjVWyaAjGwoARj18ysldswpA,https://lh3.googleusercontent.com/gps-cs-s/APNQkAFaVeEhZWyBKycKL-lY9Fi1JqH_Koa_5Ibz7ctqYyLxahchxCHPgLGXB1XTbYMqzqmoarkrW0QUIbnnXb3irtHDCl18ssIlShnzBcViE3CquUib0w1CY9lvBMrNPSAu7pKdvPA=w408-h340-k-no,5.0,13,80,new,
/Users/chiwang/Downloads/dataset_google-maps-extractor_2026-06-13_03-19-44-096.csv,227,Max Leather,Boot store,shoe_related,true,,8533 Washington Blvd,Culver City,California,US,(310) 841-6990,+13108416990,http://www.maxleatherinc.com/,maxleatherinc.com,,https://www.google.com/maps/search/?api=1&query=Max%20Leather&query_place_id=ChIJuQbp3Zy5woAR8dEoWI-eW58,ChIJuQbp3Zy5woAR8dEoWI-eW58,https://lh3.googleusercontent.com/gps-cs-s/APNQkAEau4f56sKKqzPpD_-rN3XnJCBH7SknKldkWO1qCt8SfbohU1o5g3Cxe9xFn0YPuKtBWutq8HAuXB53qbDyCjpnyJGDP0cgUQpzBYFpI5pIV70SNZr58CE0KST8dxTwQzinckgV7PRXNFc=w426-h240-k-no,4.9,16,80,new,
/Users/chiwang/Downloads/dataset_google-maps-extractor_2026-06-13_03-19-44-096.csv,229,Burten Leather & Findings,Wholesaler,adjacent_service,true,,4630 Valley Blvd,Los Angeles,California,US,(323) 221-7300,+13232217300,https://www.burtendistribution.com/,burtendistribution.com,,https://www.google.com/maps/search/?api=1&query=Burten%20Leather%20%26%20Findings&query_place_id=ChIJB5SxA8DFwoARxo01IWwSRkA,ChIJB5SxA8DFwoARxo01IWwSRkA,https://lh3.googleusercontent.com/gps-cs-s/APNQkAFh0g5z_HoyATVpA7Xxo9GSRudtvMjdcgtY6YNCZ8XJjeBJsdf70Z_6MA3mPpohVuwUX9bLR9p2braQOr6b6vKLICbtzEsYxXbjH_S6SwRTFO3zQNT-mgwUgn_TFIamc77ucREhSA=w408-h306-k-no,5.0,6,60,new,
/Users/chiwang/Downloads/dataset_google-maps-extractor_2026-06-13_03-19-44-096.csv,231,COMUNITYmade,Shoe repair shop,shoe_repair,true,,584 Mateo St,Los Angeles,California,US,(213) 947-3113,+12139473113,https://www.comunitymade.com/,comunitymade.com,,https://www.google.com/maps/search/?api=1&query=COMUNITYmade&query_place_id=ChIJqyb0IyPGwoARvgbLP0p_4c0,ChIJqyb0IyPGwoARvgbLP0p_4c0,https://lh3.googleusercontent.com/gps-cs-s/APNQkAGMiqLTaKGqWeO8NakuIcD2ODGn13fAdRpsWGnRHyBzhmpQoJFSYCzsj7abRlDjK0khadCpH9nKAzPy_GOGBLGO2lF6bucxZ27fmxeHRIfTE5MnNwt0Hr5eTx_YJmHF_10jtsX-=w408-h408-k-no,4.8,28,95,new,
/Users/chiwang/Downloads/dataset_google-maps-extractor_2026-06-13_03-19-44-096.csv,232,shoe magik en los callejones,Shoe shining service,shoe_related,true,,1042 Santee Alley,Los Angeles,California,US,(323) 821-2970,+13238212970,http://shoemgk.com/,shoemgk.com,,https://www.google.com/maps/search/?api=1&query=shoe%20magik%20en%20los%20callejones&query_place_id=ChIJ47O74IzHwoARmHbg5sOkMzo,ChIJ47O74IzHwoARmHbg5sOkMzo,https://lh3.googleusercontent.com/gps-cs-s/APNQkAHvlLiav1IpzuWWk8zthnkQD-w0TrIX9b0FjPvKX6cac7JcEr0-6deT5YsB8Jsk8c0kLcJbD-8xBp6VByEg73a7iER79GKylFtmbK9ccWgep1HBvGmIOym21yGfKgvUGA2bgSjJSA=w408-h544-k-no,5.0,82,85,new,
/Users/chiwang/Downloads/dataset_google-maps-extractor_2026-06-13_03-19-44-096.csv,234,Sav-Mor Leather & Supply,Leather goods store,adjacent_service,true,,1626 Wall St,Los Angeles,California,US,(213) 749-3468,+12137493468,https://www.savmorleatherca.com/,savmorleatherca.com,,https://www.google.com/maps/search/?api=1&query=Sav-Mor%20Leather%20%26%20Supply&query_place_id=ChIJl7IHfdHHwoARyb94ccG7ibU,ChIJl7IHfdHHwoARyb94ccG7ibU,https://lh3.googleusercontent.com/gps-cs-s/APNQkAHCMs38v6fOcCrHRNbon13XVDOLVsw8OVegvWRY1cTcjTQSmKlLcb-KBT0yZQWWJj-ttg9ak3mvK_z3G9tenfHIwheBDTZ6QCsmhYwHz9vdBd7-M7aiZ1HdI4284AHMJrJ81YLEsQ=w408-h306-k-no,4.7,262,70,new,
/Users/chiwang/Downloads/dataset_google-maps-extractor_2026-06-13_03-19-44-096.csv,235,LA Shoe King,Women's clothing store,shoe_related,true,,1100 Wall St #208,Los Angeles,California,US,(213) 746-6010,+12137466010,http://www.fashiongo.net/lashoeking/,fashiongo.net,,https://www.google.com/maps/search/?api=1&query=LA%20Shoe%20King&query_place_id=ChIJATzRP83HwoAR1yadt1a4HBk,ChIJATzRP83HwoAR1yadt1a4HBk,https://lh3.googleusercontent.com/gps-cs-s/APNQkAFpSGHl2tZtrQiSTCYUbMQ8hUmXMBI_kvE34bW6Wg930WA9eBWdqYJPPa-SUtKURJR7vExBLZz6gNWkm5oLXxymtp7e9rXo_FOLY9HNC-2Xm1dEEFelfy1DxPG_xqs2egMICkdDXw=w437-h240-k-no,4.0,8,70,new,
/Users/chiwang/Downloads/dataset_google-maps-extractor_2026-06-13_03-19-44-096.csv,236,Cleaners Depot,Shoe repair shop,shoe_repair,true,,619 W 6th St,Los Angeles,California,US,(213) 239-9185,+12132399185,https://www.mycleanersdepot.com/,mycleanersdepot.com,,https://www.google.com/maps/search/?api=1&query=Cleaners%20Depot&query_place_id=ChIJfUtFfLTHwoARm_N0OKE_jDA,ChIJfUtFfLTHwoARm_N0OKE_jDA,https://lh3.googleusercontent.com/gps-cs-s/APNQkAEAnwASzIRK5yTQ2YDN3yRL2LLXDvE38V6sP1s6ggRGpZ0SfWaoDXyc2xTr2t2hclRAHuBQ8jFyetqjdrFC0xuMT7NTEz_XKI0wNo2DW3vWeWNTmIWEy0RnWpI1MFqIeNBStoym=w408-h306-k-no,3.9,47,85,new,duplicate_name;duplicate_website
/Users/chiwang/Downloads/dataset_google-maps-extractor_2026-06-13_03-19-44-096.csv,237,Bowers & Sons Cleaners,Dry cleaner,adjacent_service,true,,2509 S Central Ave,Los Angeles,California,US,(213) 749-3237,+12137493237,https://www.bowersandsonscleaners.com/,bowersandsonscleaners.com,,https://www.google.com/maps/search/?api=1&query=Bowers%20%26%20Sons%20Cleaners&query_place_id=ChIJR1uXcH7IwoARFIkq6Q0CFZg,ChIJR1uXcH7IwoARFIkq6Q0CFZg,https://lh3.googleusercontent.com/gps-cs-s/APNQkAFaFDQBoe7qDHQpLY8G3o4u9ZOchG3OvoIBYDG_tvmsTaKfGsB2zIA8VRMWaNa7reDoXVkGEUXAbKp_5o2EWAbFyNl5xxgCg2yrjSjGa5UiU2NrkdoSAHVo_Ny8GfHlQr9WrbZd=w408-h306-k-no,4.2,63,65,new,
/Users/chiwang/Downloads/dataset_google-maps-extractor_2026-06-13_03-19-44-096.csv,238,Lemon Frog Shop Vintage Bazaar (California Certified Green Business),Shoe store,shoe_related,true,,1202 N Alvarado St,Los Angeles,California,US,(213) 413-2143,+12134132143,http://lemonfrogshop.com/,lemonfrogshop.com,,https://www.google.com/maps/search/?api=1&query=Lemon%20Frog%20Shop%20Vintage%20Bazaar%20(California%20Certified%20Green%20Business)&query_place_id=ChIJX3cCGRrHwoARaCqufIYaArE,ChIJX3cCGRrHwoARaCqufIYaArE,https://lh3.googleusercontent.com/gps-cs-s/APNQkAFGSMXYKxvRX2lVAFNhO-i57ZBxdUAnh1RtXKLd6QXY8XPLtyhAIz5qXnY4k0Dls_6c5iaX5bEnw7mpD4JO2NMoxfuWeUraohfXcNyfmSrqJal9a0pKQSheOvAM6aUho1CmcvK5Thok-UDa=w408-h544-k-no,4.7,162,85,new,
/Users/chiwang/Downloads/dataset_google-maps-extractor_2026-06-13_03-19-44-096.csv,250,J & C Dry Cleaners,Shoe repair shop,shoe_repair,true,,610 S Rampart Blvd,Los Angeles,California,US,(213) 385-5564,+12133855564,https://jc-dry-cleanerslosangeles.square.site/,jc-dry-cleanerslosangeles.square.site,,https://www.google.com/maps/search/?api=1&query=J%20%26%20C%20Dry%20Cleaners&query_place_id=ChIJWZJaJXTHwoARa19tthj6cKg,ChIJWZJaJXTHwoARa19tthj6cKg,https://lh3.googleusercontent.com/gps-cs-s/APNQkAFQv7-9nAAeQCXWKGqdHa55Ia8O6GuA0Bay8W8qWqDnwZ2WTU6Nf582_vLKi6-xYspR7TmMDEDzyMa0iaiEyja3vqpNgnNIB1nNMa_LzMHOBifzTCqT5Mgob50CkkXidjO3RRUbMpgAi7w=w408-h544-k-no,4.8,17,95,new,
/Users/chiwang/Downloads/dataset_google-maps-extractor_2026-06-13_03-19-44-096.csv,252,Vanessa’s Shoes,Shoe repair shop,shoe_repair,true,,2214 S Vermont Ave,Los Angeles,California,US,(323) 734-9148,+13237349148,http://vanessasshoes.com/,vanessasshoes.com,,https://www.google.com/maps/search/?api=1&query=Vanessa%E2%80%99s%20Shoes&query_place_id=ChIJx0hRzYzHwoARbe9nmJaNtxI,ChIJx0hRzYzHwoARbe9nmJaNtxI,https://lh3.googleusercontent.com/gps-cs-s/APNQkAFoukCEDuNDOnVWHzNotXzAYPniylZEvKs_anMTfsNr8iaAKYS8XaZXYgvmFbdUde123IY34HHCfgndoHZePVJkhn2kVir4H5QLj2MvCxKLDa6DdHLJWctV3TIEdQiVuJbAA5Cjzw=w408-h544-k-no,4.2,31,90,new,
/Users/chiwang/Downloads/dataset_google-maps-extractor_2026-06-13_03-19-44-096.csv,253,InA Cleaners,Shoe repair shop,shoe_repair,true,,3729 Sunset Blvd,Los Angeles,California,US,(323) 953-9988,+13239539988,https://inacleaners.com/,inacleaners.com,,https://www.google.com/maps/search/?api=1&query=InA%20Cleaners&query_place_id=ChIJ6bVZZEjHwoARkjTwGhnfqIA,ChIJ6bVZZEjHwoARkjTwGhnfqIA,https://lh3.googleusercontent.com/gps-cs-s/APNQkAH0hWNMw71piWy4uUAN61yXYOK61M6dEyCHFqDv0AMs62xpul2ZbTi-eO6So4culUUMhtczX4jfXm1Wy7WwrcMq2fMTKmdSpWfsCMqWqIIaKbdCSCZ5UrTVj_5Tcz_nXLgglR6iMg=w408-h408-k-no,3.8,28,85,new,
/Users/chiwang/Downloads/dataset_google-maps-extractor_2026-06-13_03-19-44-096.csv,259,MyLeather,Leather goods supplier,adjacent_service,true,,955 Venice Blvd.,Los Angeles,California,US,(213) 741-1391,+12137411391,https://www.myleather.com/,myleather.com,,https://www.google.com/maps/search/?api=1&query=MyLeather&query_place_id=ChIJHRHnZ5XHwoAR5gShkxKre5w,ChIJHRHnZ5XHwoAR5gShkxKre5w,https://streetviewpixels-pa.googleapis.com/v1/thumbnail?panoid=L2667i0qfnx8gjhwnOCJ_w&cb_client=search.gws-prod.gps&w=408&h=240&yaw=49.885788&pitch=0&thumbfov=100,2.6,5,50,new,
/Users/chiwang/Downloads/dataset_google-maps-extractor_2026-06-13_03-19-44-096.csv,261,JASMINE CLEANERS,Dry cleaner,adjacent_service,true,,3514 Sunset Blvd,Los Angeles,California,US,(323) 662-9193,+13236629193,https://jasminecleanersla.com/,jasminecleanersla.com,,https://www.google.com/maps/search/?api=1&query=JASMINE%20CLEANERS&query_place_id=ChIJPZr4jEfHwoARxtctycCJKU4,ChIJPZr4jEfHwoARxtctycCJKU4,https://streetviewpixels-pa.googleapis.com/v1/thumbnail?panoid=BWZyxdBOnAArmLjl4XdH8A&cb_client=search.gws-prod.gps&w=408&h=240&yaw=279.3845&pitch=0&thumbfov=100,4.1,32,60,new,
/Users/chiwang/Downloads/dataset_google-maps-extractor_2026-06-13_03-19-44-096.csv,264,Time-Tec Watch Service Center,Watch repair service,adjacent_service,true,,635 S Hill St #209,Los Angeles,California,US,(213) 488-9222,+12134889222,http://www.time-tec.com/,time-tec.com,,https://www.google.com/maps/search/?api=1&query=Time-Tec%20Watch%20Service%20Center&query_place_id=ChIJVy-jF7XHwoARZ8xhkJ2Umt4,ChIJVy-jF7XHwoARZ8xhkJ2Umt4,https://lh3.googleusercontent.com/gps-cs-s/APNQkAGrzjjWmGDoawgHCFbGjAjkfC8r5362e0KK7kAFuzz2_A0DZ1PUhEQya8ClnqDUhTsyKtmYz2w3nHgaGHFMkP-V8rOWBpKpyG9e3B9rR5ChRXQEezp_kxgkvW-9JB2OB0KzdX8C=w408-h306-k-no,4.6,56,70,new,
/Users/chiwang/Downloads/dataset_google-maps-extractor_2026-06-13_03-19-44-096.csv,272,Your Cleaners Online,Dry cleaner,adjacent_service,true,,700 W 7th St Ste #S260A,Los Angeles,California,US,(855) 672-5425,+18556725425,http://www.yourcleanersonline.com/,yourcleanersonline.com,,https://www.google.com/maps/search/?api=1&query=Your%20Cleaners%20Online&query_place_id=ChIJWR81pFLGwoARPiY7WRlFJdQ,ChIJWR81pFLGwoARPiY7WRlFJdQ,https://lh3.googleusercontent.com/gps-cs-s/APNQkAEwUzhJN51awZga__37EbXHw8cBiyDW4OPhNxHC2rRcd22IVbnUhqYj7oQWVitj0p4UejmNeWDHJddH0a6oe6eOzJDZhuZbXas7fqO1ZvEJvmNfs-Ukinue0L9rrv5p4IM31QWy=w408-h270-k-no,5.0,20,65,new,
/Users/chiwang/Downloads/dataset_google-maps-extractor_2026-06-13_03-19-44-096.csv,273,Cleaners Depot,Dry cleaner,adjacent_service,true,,333 S Spring St,Los Angeles,California,US,(213) 620-9333,+12136209333,https://www.mycleanersdepot.com/,mycleanersdepot.com,,https://www.google.com/maps/search/?api=1&query=Cleaners%20Depot&query_place_id=ChIJaacP0EvGwoAR9MG2nG7Aaxk,ChIJaacP0EvGwoAR9MG2nG7Aaxk,https://streetviewpixels-pa.googleapis.com/v1/thumbnail?panoid=Nn8xyOnIwojeWsLDrNaQ_w&cb_client=search.gws-prod.gps&w=408&h=240&yaw=315.39465&pitch=0&thumbfov=100,4.7,13,65,new,duplicate_name;duplicate_website
/Users/chiwang/Downloads/dataset_google-maps-extractor_2026-06-13_03-19-44-096.csv,276,Highline Cleaners,Dry cleaner,adjacent_service,true,,3268 Cahuenga Blvd W,Los Angeles,California,US,(323) 882-6797,+13238826797,http://www.highlinecleaners.com/,highlinecleaners.com,,https://www.google.com/maps/search/?api=1&query=Highline%20Cleaners&query_place_id=ChIJ31IGC1O-woARb_9ukxFlYi0,ChIJ31IGC1O-woARb_9ukxFlYi0,https://lh3.googleusercontent.com/gps-cs-s/APNQkAEvOZoxcrMyRfxEoxtY72tG3moN44rcNP_aW8ot-LB_KEQofZTilkKjiGhR-j6AQKCgnykYDxKRNUpXXshi4t-o4jl5AsS-Yb3QlyopE3Tf3dl2Col7cWje6SUlHNorRmpcftSf=w408-h271-k-no,5.0,9,60,new,
/Users/chiwang/Downloads/dataset_google-maps-extractor_2026-06-13_03-19-44-096.csv,277,Spotless Green Cleaners,Dry cleaner,adjacent_service,true,,11050 Ventura Blvd,Studio City,California,US,(818) 980-2988,+18189802988,http://www.spotlessgreencleaners.com/,spotlessgreencleaners.com,,https://www.google.com/maps/search/?api=1&query=Spotless%20Green%20Cleaners&query_place_id=ChIJecYfChW-woARwnl9UioU5XQ,ChIJecYfChW-woARwnl9UioU5XQ,https://lh3.googleusercontent.com/gps-cs-s/APNQkAG2R07AMAwBfAolWRV6GKoiTianEb9cnySAZMYv1ah4jgwzfNcX1Q8VZXS4GzTzUqUZvgrOM_XvJvm1Ss8wsq29ho7ySY04g-l3w_ZDBPfC-HTAMqjRlkwjQX7JYi7LhxUTbB8o=w408-h544-k-no,4.4,35,60,new,
/Users/chiwang/Downloads/dataset_google-maps-extractor_2026-06-13_03-19-44-096.csv,286,Dr. Martens Silverlake,Shoe store,shoe_related,true,,3432 Sunset Blvd,Los Angeles,California,US,(213) 456-9478,+12134569478,https://www.drmartens.com/us/en/,drmartens.com,,https://www.google.com/maps/search/?api=1&query=Dr.%20Martens%20Silverlake&query_place_id=ChIJXfflz1THwoARQGdd1O_X-tg,ChIJXfflz1THwoARQGdd1O_X-tg,https://lh3.googleusercontent.com/gps-cs-s/APNQkAHTKWmLtEddDbIM-Uw9TCheaHaBiPH67TzSVe8HXiw8LLZBudPd6VYrSoYKBfrGR7Quj4pwPzKkLDzR474L8CzjvBMoirk5oAbqopuYO8M5lbTc8ZkUZbmV5H-50tnTwSHDJKt1Lg=w408-h408-k-no,4.4,115,80,new,
/Users/chiwang/Downloads/dataset_google-maps-extractor_2026-06-13_03-19-44-096.csv,296,Bee Organic Dry Cleaners,Dry cleaner,adjacent_service,true,,417 W Pico Blvd,Los Angeles,California,US,(213) 444-8009,+12134448009,http://beeorganicla.com/,beeorganicla.com,,https://www.google.com/maps/search/?api=1&query=Bee%20Organic%20Dry%20Cleaners&query_place_id=ChIJFV_0K8bHwoARtbEK1xFzw94,ChIJFV_0K8bHwoARtbEK1xFzw94,https://lh3.googleusercontent.com/gps-cs-s/APNQkAEd11NHXgGfwlSerR8cGl-l_ZMQhBBfuY0cEnZy_rUP5OAd_PX6xOEpij0pj4sxk0EXe_iwtvpv1QAt9-llBOw71UAodx06FHHe7pqX77WuFtgPgDMIJu2MKxWamjkNQbz7Ip4=w408-h619-k-no,3.9,66,60,new,
/Users/chiwang/Downloads/dataset_google-maps-extractor_2026-06-13_03-19-44-096.csv,304,Major Wavez,Shoe store,shoe_related,true,,1457 Colorado Blvd,Los Angeles,California,US,(619) 639-5060,+16196395060,http://www.majorwavezlab.com/,majorwavezlab.com,,https://www.google.com/maps/search/?api=1&query=Major%20Wavez&query_place_id=ChIJUe5VoefDwoARPwpqChrpO5g,ChIJUe5VoefDwoARPwpqChrpO5g,https://lh3.googleusercontent.com/gps-cs-s/APNQkAE5Uyu0eoSgemehhl6EMfaJb1T-YCZ1jCQGsxxstf8Cd0GdqOFoyxVGc_rEBkvJFP2A58jwWgxtDwqsWc2D8MawOs7lVm5th9XbXkS62rPN9aFdlyrR7FTfOiLAOZmbWN4l-2c=w408-h544-k-no,3.9,44,70,new,
/Users/chiwang/Downloads/dataset_google-maps-extractor_2026-06-13_03-19-44-096.csv,311,LG Appliances Repair Los Angeles,Appliance repair service,adjacent_service,true,,770 N Ridgewood Pl,Los Angeles,California,US,(213) 676-6767,+12136766767,https://www.lgappliancerepairs.com/?utm_campaign=gmb,lgappliancerepairs.com,,https://www.google.com/maps/search/?api=1&query=LG%20Appliances%20Repair%20Los%20Angeles&query_place_id=ChIJMzc650qYdCoRuRNaX596Ub0,ChIJMzc650qYdCoRuRNaX596Ub0,https://lh3.googleusercontent.com/gps-cs-s/APNQkAFArK0gdsIs2-Z7abtoPFK1kg_TJM2PzH5sMIzZEm6JUZGkEy8aLMZcK8oQzjaENEPTpcObX2Xorry4wz5Dl7qmdika2q7fdQ6RAOwN6tYxOi6N1_OUofBQ9J8pKxphbpWIQDo=w408-h873-k-no,4.9,67,70,new,
/Users/chiwang/Downloads/dataset_google-maps-extractor_2026-06-13_03-19-44-096.csv,313,AVS Computer & Phone Repair,Computer repair service,adjacent_service,true,,1137 N Vermont Ave,Los Angeles,California,US,(323) 660-4459,+13236604459,http://www.avscomptech.com/,avscomptech.com,,https://www.google.com/maps/search/?api=1&query=AVS%20Computer%20%26%20Phone%20Repair&query_place_id=ChIJecY580fHwoARlilAF1bQF6g,ChIJecY580fHwoARlilAF1bQF6g,https://lh3.googleusercontent.com/gps-cs-s/APNQkAHjE_PUkjz98Hz_jDMyAURHvCwVZqMo3ZR2eLMtac8dfTZ2x7ml0_8_0E-Y-bl_vbtnHDz51m866gvz4QCzPy1XqoBKhPEboG1Un1W9b4evKJhbV4wfDZm_fp8HVyLtDt3mdcKFVqwIfXs=w408-h446-k-no,4.9,123,70,new,
/Users/chiwang/Downloads/dataset_google-maps-extractor_2026-06-13_03-19-44-096.csv,323,SHOEBER DOWNTOWN LA,Shoe repair shop,shoe_repair,true,,,,,,(310) 975-9001,+13109759001,http://shoeber.net/,shoeber.net,,https://www.google.com/maps/search/?api=1&query=SHOEBER%20DOWNTOWN%20LA&query_place_id=ChIJy9SrOEvHwoARQvBvGLnIAgo,ChIJy9SrOEvHwoARQvBvGLnIAgo,https://lh3.googleusercontent.com/gps-cs-s/APNQkAEsuKLJru76MqFLGU0ByKcD0bZ18RYgOd-q6hVZknidEnEiJSUq87nrBdd_a1ZxxjcSMN4UVjdATQfzprfzyCp3M62mXU-r2YrWn9v_0KUHVMwqSv1wawxAZPiM832G9TQ8TiCo=w408-h408-k-no,,,80,new,missing_city;missing_state;duplicate_phone;duplicate_website
/Users/chiwang/Downloads/dataset_google-maps-extractor_2026-06-13_03-19-44-096.csv,326,Sterling Fine Dry Cleaners,Shoe repair shop,shoe_repair,true,,1600 Westwood Blvd,Los Angeles,California,US,(310) 474-8525,+13104748525,https://www.sterlingcleaners.com/,sterlingcleaners.com,,https://www.google.com/maps/search/?api=1&query=Sterling%20Fine%20Dry%20Cleaners&query_place_id=ChIJIVize4K7woARJJJmMsJNLJE,ChIJIVize4K7woARJJJmMsJNLJE,https://lh3.googleusercontent.com/gps-cs-s/APNQkAFlKMd1el4OOzd8s7_J2d5z4BR279O3_D43IMLMl2NzDHY3rqG33MJQEhMxwwbhWiB9uixPw6T3-stdftoBEWwj3xa8CCczGHUgrprqJfaFdmEOD5B7SlvUwybPwZIN7hCSFhepoZK1FVdx=w408-h544-k-no,3.8,126,90,new,
/Users/chiwang/Downloads/dataset_google-maps-extractor_2026-06-13_03-19-44-096.csv,327,Margaret's the Couture Cleaner,Dry cleaner,adjacent_service,true,,2272 Westwood Blvd,Los Angeles,California,US,(310) 470-9200,+13104709200,https://margarets.com/,margarets.com,,https://www.google.com/maps/search/?api=1&query=Margaret's%20the%20Couture%20Cleaner&query_place_id=ChIJx900M5u7woARNGI9x6cC_Yo,ChIJx900M5u7woARNGI9x6cC_Yo,https://lh3.googleusercontent.com/gps-cs-s/APNQkAGVysfeWGE36oGaulGIQQkhUMzk2zvNT_mgC4bXE0gr1oIKumNGiIdfXT_vBvUsgBjgyezFGhnW6jW3ecnhppZ6_3xBSiwiVFR9oJKmpc8uoZ-p59o2td2qAchESywKgBDxqub8Ghg00w0=w408-h427-k-no,4.5,33,65,new,
/Users/chiwang/Downloads/dataset_google-maps-extractor_2026-06-13_03-19-44-096.csv,329,Fazio Cleaners,Dry cleaner,adjacent_service,true,,11702 San Vicente Blvd,Los Angeles,California,US,(310) 820-0469,+13108200469,http://www.faziocleaners.com/,faziocleaners.com,,https://www.google.com/maps/search/?api=1&query=Fazio%20Cleaners&query_place_id=ChIJFfnMgF-7woARnJXXYg_x2p0,ChIJFfnMgF-7woARnJXXYg_x2p0,https://lh3.googleusercontent.com/gps-cs-s/APNQkAEyV7L6MiVl-WzD6epX-3yE2juOPNlrhlg66kvmHtVKiGIZz3fawwIOVUEaWsAQAdT4kebiOSyem3ZnVykgRvu23hn2VWcyN4WEjOQCCVY_FQGPccb3zwVdL12HCJWNTJSd4ANP=w707-h240-k-no,4.5,405,70,new,
/Users/chiwang/Downloads/dataset_google-maps-extractor_2026-06-13_03-19-44-096.csv,335,WSS,Shoe store,shoe_related,true,,8201 Topanga Canyon Blvd Suite E,Canoga Park,California,US,(818) 888-8593,+18188888593,https://www.shopwss.com/pages/canoga-park-store-35,shopwss.com,,https://www.google.com/maps/search/?api=1&query=WSS&query_place_id=ChIJjS_ZfA6cwoAR7qOkNIyBQcU,ChIJjS_ZfA6cwoAR7qOkNIyBQcU,https://lh3.googleusercontent.com/gps-cs-s/APNQkAGzAdYMk40J0cLq_cSUUkqh2Gp0uKofzn2QNztQTbMTkX7bdwMpHAeaJbEtot0STUNO2YjAKVtXQPZgVcWh8olqZsnsuh5gqsOLX79mpK17WM3_Y_G06Ba8DO63BeiRWsfLTXrU-w=w408-h306-k-no,4.1,440,80,new,duplicate_name;duplicate_website
/Users/chiwang/Downloads/dataset_google-maps-extractor_2026-06-13_03-19-44-096.csv,361,Clean Bee Cleaners,Shoe repair shop,shoe_repair,true,,2540 Overland Ave,Los Angeles,California,US,(310) 280-9683,+13102809683,http://www.cleanbcleaners.com/,cleanbcleaners.com,,https://www.google.com/maps/search/?api=1&query=Clean%20Bee%20Cleaners&query_place_id=ChIJl4ncPby7woARhtchurFrhw4,ChIJl4ncPby7woARhtchurFrhw4,https://lh3.googleusercontent.com/gps-cs-s/APNQkAGdiI4LS6nP2A82QGVb73MOTthDeE02qqj_OF1AnGyhfA64a3LSl6IIySlxHKXFeFzHJjzcXk2hkJKFEnbcRwUc52pRhzN4oXiq6bJs1hEsapl3SfZxaXGnSwz_SJ8kpMq5EPPS_A=w408-h306-k-no,4.3,16,90,new,
/Users/chiwang/Downloads/dataset_google-maps-extractor_2026-06-13_03-19-44-096.csv,362,"Koos Nearest Cleaners, Laundry and Alterations",Shoe repair shop,shoe_repair,true,,1449 La Cienega Blvd,Los Angeles,California,US,(424) 202-8189,+14242028189,https://nearestcleaners.com/,nearestcleaners.com,,https://www.google.com/maps/search/?api=1&query=Koos%20Nearest%20Cleaners%2C%20Laundry%20and%20Alterations&query_place_id=ChIJv0TS3qK5woAREW9Ohk7353U,ChIJv0TS3qK5woAREW9Ohk7353U,https://lh3.googleusercontent.com/gps-cs-s/APNQkAGSjNP3sH2F9OBUvnJDlvnrfGioFc5UqyHIGfl_tDvaKsGlFDXk7lc1-zWTShqlWi2B6qWjWBzwDYgVynQaabcI9qfwjD2N8RAxrR3z_dot_KoyKlb5AcKnjGEGvxOBcm1ZZNyNcnOGzEg=w408-h408-k-no,4.0,4,85,new,duplicate_name;duplicate_phone;duplicate_website
/Users/chiwang/Downloads/dataset_google-maps-extractor_2026-06-13_03-19-44-096.csv,363,Perfect Cleaners,Dry cleaner,adjacent_service,true,,10531 W Pico Blvd,Los Angeles,California,US,(310) 470-0330,+13104700330,https://www.perfectcleaners.com/,perfectcleaners.com,,https://www.google.com/maps/search/?api=1&query=Perfect%20Cleaners&query_place_id=ChIJp6fNj5W7woARMmJnjZdAzI0,ChIJp6fNj5W7woARMmJnjZdAzI0,https://lh3.googleusercontent.com/gps-cs-s/APNQkAEv3Q8guYJWPj1mB2xRCUKhZ_cEp_vYJwRcEf7-2Vk8t6A5Me2jaOApkskfRC63lYLiK3v7GJqjfUWqlcfyEowMrhIQO13nS_uVqax6uNEj3ZZON9Sy95AHJ2I2-Vootfgg5M7xUw=w408-h544-k-no,4.7,274,70,new,
/Users/chiwang/Downloads/dataset_google-maps-extractor_2026-06-13_03-19-44-096.csv,369,A Carriage Regal Cleaner,Shoe repair shop,shoe_repair,true,,11803 Wilshire Blvd,Los Angeles,California,US,(310) 477-8088,+13104778088,https://mrdrycleaner.com/,mrdrycleaner.com,,https://www.google.com/maps/search/?api=1&query=A%20Carriage%20Regal%20Cleaner&query_place_id=ChIJ9XAWV2e7woARqqk-xm6qRtM,ChIJ9XAWV2e7woARqqk-xm6qRtM,https://lh3.googleusercontent.com/gps-cs-s/APNQkAHm0muzixTNo7jQqovykJYf_kImUVTN8jLXGKBksl4Cox9gQQWm177MIhlyvid6C_geibnUqBHyOwUDYvGLlGay2T7qZxlDCw6ZvsNAHDC5tf6hkKwVrjVrv7nJWajXiwpk21DDkw=w507-h240-k-no,3.9,64,90,new,
/Users/chiwang/Downloads/dataset_google-maps-extractor_2026-06-13_03-19-44-096.csv,378,Dryer Clean Express,Dry cleaner,adjacent_service,true,,1936 Westwood Blvd,Los Angeles,California,US,(310) 470-0579,+13104700579,http://www.drycleanexpressla.com/,drycleanexpressla.com,,https://www.google.com/maps/search/?api=1&query=Dryer%20Clean%20Express&query_place_id=ChIJe9VQZZy7woARJ39zf1mh5MU,ChIJe9VQZZy7woARJ39zf1mh5MU,https://lh3.googleusercontent.com/gps-cs-s/APNQkAHcq5JAyF_b5hh9leSfqPb9xRFhpWDC6sNeNJa-3vqVSbDtkrYKYZlUNP4zrjsorqwuyyl73db1AwEczRiUhkpyloWYGUQ_Z2cGNAM6CRqExw14V3wocecOhnTfOFnePUcaqKaVdg=w408-h544-k-no,3.8,18,55,new,
/Users/chiwang/Downloads/dataset_google-maps-extractor_2026-06-13_03-19-44-096.csv,379,Royce Cleaners,Dry cleaner,adjacent_service,true,,10848 W Olympic Blvd,Los Angeles,California,US,(310) 474-2338,+13104742338,http://www.roycecleanersla.com/,roycecleanersla.com,,https://www.google.com/maps/search/?api=1&query=Royce%20Cleaners&query_place_id=ChIJO-gSApm7woAROlLMHuAiAxo,ChIJO-gSApm7woAROlLMHuAiAxo,https://lh3.googleusercontent.com/gps-cs-s/APNQkAGgM5CbEoqu0UGGIlO3lf_BXdbXDzeGmsj_YKVyAimrWboESfTwAFPmr4nndYG9u5N1gLod34vDEBAVa6zb95R7sGyYbv6JpC8sqxEAhCIcGkECvQFzkOTIw-YHHuzVhZ4tcPJAdQ=w426-h240-k-no,3.9,27,55,new,
/Users/chiwang/Downloads/dataset_google-maps-extractor_2026-06-13_03-19-44-096.csv,386,"Red Wing - Granada Hills, CA",Shoe store,shoe_related,true,,16933 Devonshire St,Granada Hills,California,US,(747) 239-3220,+17472393220,https://stores.redwingshoes.com/granada-hills-ca,stores.redwingshoes.com,,https://www.google.com/maps/search/?api=1&query=Red%20Wing%20-%20Granada%20Hills%2C%20CA&query_place_id=ChIJHVPRSo6awoAR0mh3NtZhR6k,ChIJHVPRSo6awoAR0mh3NtZhR6k,https://lh3.googleusercontent.com/gps-cs-s/APNQkAEanPfIxbt9iBFWFk2d4ofvLCoFf8w_GnZamgEClV-cWd6cJrCYc26N2Xq2aS2Wl6zjhltfhWEz1xC357V-sb-9VWioKIwEPJ01nVvxNcng7g-5hNI8RLLB9SUAUYyqk2p_up0=w426-h240-k-no,4.5,166,85,new,
/Users/chiwang/Downloads/dataset_google-maps-extractor_2026-06-13_03-19-44-096.csv,390,Leather Repair Studio,Leather repair service,shoe_repair,true,,5343 Shirley Ave,Tarzana,California,US,(747) 677-0314,+17476770314,https://leatherrepairstudio.com/,leatherrepairstudio.com,,https://www.google.com/maps/search/?api=1&query=Leather%20Repair%20Studio&query_place_id=ChIJN6uHMaaZwoARsVh5gCEbQ6g,ChIJN6uHMaaZwoARsVh5gCEbQ6g,https://lh3.googleusercontent.com/gps-cs-s/APNQkAHBnk3yLSyyI_u25ZMYiaGhOvEUEY0d_fpMJkuDL09E6ieGkwBtVpYzuQLQwsn3fOTI7p1S8wu0AivlQbrCgSjoku0hnxNyEiYgDFTltVF5_CXiUsKPGOZJrN954qnTwXmmBPvpAspwnZOG=w408-h408-k-no,5.0,65,100,new,
/Users/chiwang/Downloads/dataset_google-maps-extractor_2026-06-13_03-19-44-096.csv,393,"Koos Nearest Cleaners, Laundry and Alterations",Shoe repair shop,shoe_repair,true,,4255 S Vermont Ave,Los Angeles,California,US,(424) 202-8189,+14242028189,https://nearestcleaners.com/,nearestcleaners.com,,https://www.google.com/maps/search/?api=1&query=Koos%20Nearest%20Cleaners%2C%20Laundry%20and%20Alterations&query_place_id=ChIJAX55XD3JwoARIXnLiXSk9Io,ChIJAX55XD3JwoARIXnLiXSk9Io,https://lh3.googleusercontent.com/gps-cs-s/APNQkAHJCxcoeQYfk0bSfmjRZboHZWYvdYKyGNQUZKJ9ydyKA877c0AS3dQIr8grc_8jJ5dugGT6zw9NKFeRGKld4JIfoZQbnoFnad7kMFCsL3vHnOTCHk3P6hL_BP-55fAtfs_IXd75tVmSkjVV=w408-h414-k-no,4.7,7,90,new,duplicate_name;duplicate_phone;duplicate_website
/Users/chiwang/Downloads/dataset_google-maps-extractor_2026-06-13_03-19-44-096.csv,396,Slauson Super Mall,Shoe store,shoe_related,true,,1600 W Slauson Ave,Los Angeles,California,US,(323) 778-6055,+13237786055,http://www.slausonsupermallinc.com/,slausonsupermallinc.com,,https://www.google.com/maps/search/?api=1&query=Slauson%20Super%20Mall&query_place_id=ChIJf78r1d23woARC6f1czcIzzQ,ChIJf78r1d23woARC6f1czcIzzQ,https://lh3.googleusercontent.com/gps-cs-s/APNQkAG80jcIrycZrdBaj3XMqCAH45r0pmk-qExZkDI7B5f9m0Hxi4wc1TZH3NW2JNB9oVpeeeajQFCZt1kuHNaqfePTwibNHIF-Vkikle0HHcLlOpMD4U-xMNy6uWcIxUIzAFnHqxgi=w408-h272-k-no,4.2,5686,80,new,
/Users/chiwang/Downloads/dataset_google-maps-extractor_2026-06-13_03-19-44-096.csv,399,Green Way Appliance LG & Samsung Repair,Appliance repair service,adjacent_service,true,,1601 Perrino Pl Ste d,Los Angeles,California,US,(213) 842-6344,+12138426344,https://www.greenwayappliancerepairla.com/,greenwayappliancerepairla.com,,https://www.google.com/maps/search/?api=1&query=Green%20Way%20Appliance%20LG%20%26%20Samsung%20Repair&query_place_id=ChIJi7iVGwxE66YRWp7kipM2c_o,ChIJi7iVGwxE66YRWp7kipM2c_o,https://lh3.googleusercontent.com/gps-cs-s/APNQkAHwGIfoznJTPXJkioZeTDEJbJVe71e5-oBFuoeIxL0U5TOdXBUB5yO1Hv37_CFlmRg9N57wFHdzCTotYGDHrG48uzWFnrI2J2StOi0F8diJBkM99o5twoiSFNTwVhH8K8gjEl5RFXqPtIus=w408-h544-k-no,4.7,61,70,new,
/Users/chiwang/Downloads/dataset_google-maps-extractor_2026-06-13_03-19-44-096.csv,417,Big 5 Sporting Goods,Shoe store,shoe_related,true,,3730 Crenshaw Blvd,Los Angeles,California,US,(323) 295-5248,+13232955248,http://www.big5sportinggoods.com/,big5sportinggoods.com,,https://www.google.com/maps/search/?api=1&query=Big%205%20Sporting%20Goods&query_place_id=ChIJKxNSnzC4woARAM5Hknu8m54,ChIJKxNSnzC4woARAM5Hknu8m54,https://lh3.googleusercontent.com/gps-cs-s/APNQkAGwAHWeWJMP8Cf20cEUPpp-qYpkg1A4cJ2im0YbAIMzGoOYwQfUR5InULj5iWH2oxZJ_mj7HyEv38om4qhSfIw6lGz5w6rR_SWPtdJXxnZhPYwYyc4J-bv12XYiwDCXLzQUzz3m=w426-h240-k-no,4.3,862,80,new,
/Users/chiwang/Downloads/dataset_google-maps-extractor_2026-06-13_03-19-44-096.csv,421,SAS Shoes Tarzana,Shoe store,shoe_related,true,,18965 Ventura Blvd,Tarzana,California,US,(818) 774-1375,+18187741375,http://www.shopsasshoes.com/,shopsasshoes.com,,https://www.google.com/maps/search/?api=1&query=SAS%20Shoes%20Tarzana&query_place_id=ChIJa6kYRRKZwoARsW5TFWQpQwo,ChIJa6kYRRKZwoARsW5TFWQpQwo,https://lh3.googleusercontent.com/gps-cs-s/APNQkAGIFI8IVB_OK09yBze2LM3L03to3qo1D_4M0jV_znlJMHNElw1zI9gNo9vs5cuCJ3i5ulILK7q_tJoa1l9ELAlsNk_iX1EpCAv6dxDs2HckTikX6u4r3zNPitxa0T854jOuwNZb=w408-h272-k-no,4.6,29,80,new,
/Users/chiwang/Downloads/dataset_google-maps-extractor_2026-06-13_03-19-44-096.csv,422,Hangers Cleaners & Laundry,Dry cleaner,adjacent_service,true,,800 Washington Blvd,Marina Del Rey,California,US,(310) 827-9565,+13108279565,http://hangerscleaners.com/,hangerscleaners.com,,https://www.google.com/maps/search/?api=1&query=Hangers%20Cleaners%20%26%20Laundry&query_place_id=ChIJN6WGzJG6woAR9Z9jqzjwh9o,ChIJN6WGzJG6woAR9Z9jqzjwh9o,https://lh3.googleusercontent.com/gps-cs-s/APNQkAEGM3-BmaCYOlpDiEF9ZumkVs-gSE6pES3DDiAu9KN6Rd44egF5p-QQ4td9NeHgxL4FIwhOtaLIszsncTUtKrMpzD7eIalITKePyswRDxbTZV7rIp8b2ZXcGcJ0k60HQfvOZjqaa0Zt_OY=w408-h529-k-no,4.5,77,70,new,
/Users/chiwang/Downloads/dataset_google-maps-extractor_2026-06-13_03-19-44-096.csv,426,Rite Cleaners,Dry cleaner,adjacent_service,true,,21931 Ventura Fwy,Woodland Hills,California,US,(818) 346-6512,+18183466512,https://www.ritecleanersla.com/,ritecleanersla.com,,https://www.google.com/maps/search/?api=1&query=Rite%20Cleaners&query_place_id=ChIJ5QSdN5aewoAR4sBGz1N7Ork,ChIJ5QSdN5aewoAR4sBGz1N7Ork,https://lh3.googleusercontent.com/gps-cs-s/APNQkAFhmj4hutX3Leoss3xSxHwTGjuiuXYbg1lWG82Vg53bH_xHVgEJV251Mq_xlgBX2cQnXsl6OaxAPnj8GuNYJh_gU9hO3BnAXYWJPouzWS0x_Mp1LOxi0H0ozfTlxX5YafW7OsveBusbHRU4=w408-h544-k-no,4.0,66,65,new,
/Users/chiwang/Downloads/dataset_google-maps-extractor_2026-06-13_03-19-44-096.csv,427,101 Dry Cleaners,Dry cleaner,adjacent_service,true,,21314 Ventura Blvd,Woodland Hills,California,US,(818) 436-2414,+18184362414,http://www.101drycleaners.com/,101drycleaners.com,,https://www.google.com/maps/search/?api=1&query=101%20Dry%20Cleaners&query_place_id=ChIJG4jzRrmewoARcCyFoTSC4ks,ChIJG4jzRrmewoARcCyFoTSC4ks,https://lh3.googleusercontent.com/gps-cs-s/APNQkAHMzuYb52NGtbjPLhnTe24EsSKQmCftBcZX2inttGTfi91Gb2lP7_O45MRPdglY9kcExDlA8_4KSn_WbL-rvBUJ1EMaYhORbHu-IpB3XKAPCADU9O7jZ8AW-Z_16z2qv3SXcklD=w408-h306-k-no,4.4,51,65,new,
/Users/chiwang/Downloads/dataset_google-maps-extractor_2026-06-13_03-19-44-096.csv,432,Palms Appliance Repair and HVAC,Appliance repair service,adjacent_service,true,,,,,,(213) 232-7668,+12132327668,https://palmsrepairservices.com/,palmsrepairservices.com,,https://www.google.com/maps/search/?api=1&query=Palms%20Appliance%20Repair%20and%20HVAC&query_place_id=ChIJ64MoLy7v80MR7OIn3r-dC_Y,ChIJ64MoLy7v80MR7OIn3r-dC_Y,https://lh3.googleusercontent.com/gps-cs-s/APNQkAEi3DWPcPa5rYmbMFcFxy9orQIqlkk0MJ8KMwceboC_xINCR7d7VVnS6leHrKWOl3nR6x9uR6Xa5sJtKbmaOYrCq_tz1wAOOL9hLASRdWqEOa1lypaV4GfqgVEvZbozc9nsVloN=w408-h544-k-no,5.0,68,70,new,missing_city;missing_state
/Users/chiwang/Downloads/dataset_google-maps-extractor_2026-06-13_03-19-44-096.csv,437,Industrial Shoeworks,Shoe store,shoe_related,true,,313 W Anaheim St,Wilmington,California,US,(310) 549-6469,+13105496469,http://www.industrialshoecompany.com/,industrialshoecompany.com,,https://www.google.com/maps/search/?api=1&query=Industrial%20Shoeworks&query_place_id=ChIJjzm29tk13YARb5c-kedkeVU,ChIJjzm29tk13YARb5c-kedkeVU,https://lh3.googleusercontent.com/gps-cs-s/APNQkAEr_6bOfYDlvY7CqFgT9OhvP1jgMdFtpVqIK8EWpgGgiRr9LECNbMW50sAJAiUMB4kRXhrsvVVJt9XqTlrjXGTC0Cuu-dnJWtfETU9ol2hfopTFM5ubNJtVyiJPsTJmyBsvhyRK=w408-h408-k-no,4.6,125,85,new,
/Users/chiwang/Downloads/dataset_google-maps-extractor_2026-06-13_03-19-44-096.csv,439,WSS,Shoe store,shoe_related,true,,201 Pacific Coast Hwy,Wilmington,California,US,(310) 549-9152,+13105499152,https://www.shopwss.com/pages/wilmington-store-17,shopwss.com,,https://www.google.com/maps/search/?api=1&query=WSS&query_place_id=ChIJdff61M413YARCuqk9UsokMY,ChIJdff61M413YARCuqk9UsokMY,https://lh3.googleusercontent.com/gps-cs-s/APNQkAESd_RJuXr4Ks94Sld9hEt33MeHUpk0YLMbzrSmx-shE0ulu-ozMOxS9zhzb-DlSsZToTLJ_bX6MAwqMLcBt2I7S5e70ByYRagEQoC1qqOQ2syGt6tGmuGA-zAHP5N-AxXbaXs=w408-h544-k-no,4.3,740,80,new,duplicate_name;duplicate_website
/Users/chiwang/Downloads/dataset_google-maps-extractor_2026-06-13_03-19-44-096.csv,442,All Computer Services,Computer repair service,adjacent_service,true,,2009 Summerland St,Rancho Palos Verdes,California,US,(310) 547-0663,+13105470663,http://www.compumeister.com/,compumeister.com,,https://www.google.com/maps/search/?api=1&query=All%20Computer%20Services&query_place_id=ChIJwajsH0ZJ3YARzaK5aUTwDQI,ChIJwajsH0ZJ3YARzaK5aUTwDQI,https://streetviewpixels-pa.googleapis.com/v1/thumbnail?panoid=yLaJCZo8SH-n7y1iQu9B2A&cb_client=search.gws-prod.gps&w=408&h=240&yaw=33.03014&pitch=0&thumbfov=100,4.8,20,65,new,
/Users/chiwang/Downloads/dataset_google-maps-extractor_2026-06-13_03-19-44-096.csv,452,DripLA,Shoe store,shoe_related,true,,6376 Hollywood Blvd,Los Angeles,California,US,(323) 468-1881,+13234681881,https://dripla.com/,dripla.com,,https://www.google.com/maps/search/?api=1&query=DripLA&query_place_id=ChIJUy7M3Tu_woARqqlJjXphqqE,ChIJUy7M3Tu_woARqqlJjXphqqE,https://lh3.googleusercontent.com/gps-cs-s/APNQkAF5pniA7rlC9Vh593ahZWgCPjljcHOlZEYWgCbCbcKg9t8HPvlZs1h6c-g0RCguRtYFpHKXUr_Gw0Pedrx3GRzYWi8XX5SN51a7Qjp86IQtauCI5Cqt9v7BJ6O6Fv-ims-yvmy7kA=w408-h306-k-no,4.4,122,80,new,
/Users/chiwang/Downloads/dataset_google-maps-extractor_2026-06-13_03-19-44-096.csv,454,Paragon Dry Cleaners & Alterations,Dry cleaner,adjacent_service,true,,1310 Vine St,Los Angeles,California,US,(323) 465-4663,+13234654663,http://www.paragoncleaners.com/,paragoncleaners.com,,https://www.google.com/maps/search/?api=1&query=Paragon%20Dry%20Cleaners%20%26%20Alterations&query_place_id=ChIJxRIY7Ta_woARxwBco7b8lcY,ChIJxRIY7Ta_woARxwBco7b8lcY,https://lh3.googleusercontent.com/gps-cs-s/APNQkAH9oUyapSIcnUEJxEsj-Sgj_sEzhBrzzcyakkWIMt7Kxcb4wEJNQ3_DiyFquk3w248qyla_XF4J8TOOeRppKIw74wYax6v5A8xsUWu25wn-8FUeUblUzsTHND5phMTUM680GaynYjyETSA=w408-h544-k-no,4.7,441,70,new,
/Users/chiwang/Downloads/dataset_google-maps-extractor_2026-06-13_03-19-44-096.csv,455,Maya Shoes of Hollywood,Shoe store,shoe_related,true,,6564 Hollywood Blvd,Los Angeles,California,US,(323) 960-0302,+13239600302,https://mayashoesusa.com/,mayashoesusa.com,,https://www.google.com/maps/search/?api=1&query=Maya%20Shoes%20of%20Hollywood&query_place_id=ChIJ6QyXXTu_woARLrMMHAe1ovg,ChIJ6QyXXTu_woARLrMMHAe1ovg,https://lh3.googleusercontent.com/gps-cs-s/APNQkAE3NJg8_utUn7GYREAoj948lA_O6gZVP2CUfskEwJsY0Nhdx2Lxl-QLodUFAYxWAZT7iSYNnrqiixagFRfMVnYFMKnc-mcDSJKydE7K7muTnBeUwhD4m7uazo5O_gi30DLkXSeIfFYnU8c=w426-h240-k-no,3.2,79,75,new,
/Users/chiwang/Downloads/dataset_google-maps-extractor_2026-06-13_03-19-44-096.csv,456,O'Dry Cleaning & Alterations,Dry cleaner,adjacent_service,true,,1246 Vine St,Los Angeles,California,US,(323) 970-9707,+13239709707,https://o-dry.com/,o-dry.com,,https://www.google.com/maps/search/?api=1&query=O'Dry%20Cleaning%20%26%20Alterations&query_place_id=ChIJDypvk32_woARbCZz9CRGCAE,ChIJDypvk32_woARbCZz9CRGCAE,https://lh3.googleusercontent.com/gps-cs-s/APNQkAFqpC3DrG6giBCTTKHbw6sk64_n8u7gSsHA4iJgJgtDERog3Oe7v7SW5c5aNOHvTeYK1LOrRsuPEKxHhArnvRIq36P5xaWY-XUZgrLdFXRdUA7q2pvDhQ6BOp2R0-j8JLJ1I3C5=w408-h272-k-no,4.9,27,65,new,
/Users/chiwang/Downloads/dataset_google-maps-extractor_2026-06-13_03-19-44-096.csv,458,HOLLYWOOD LA BREA DRY CLEANERS & TAILORS,Dry cleaner,adjacent_service,true,,7095 Hollywood Blvd # 101,Los Angeles,California,US,(323) 850-5442,+13238505442,https://www.hollywoodlabreadrycleaners.com/,hollywoodlabreadrycleaners.com,,https://www.google.com/maps/search/?api=1&query=HOLLYWOOD%20LA%20BREA%20DRY%20CLEANERS%20%26%20TAILORS&query_place_id=ChIJK6XNZiC_woAR6E89VUUm2I8,ChIJK6XNZiC_woAR6E89VUUm2I8,https://lh3.googleusercontent.com/gps-cs-s/APNQkAEQCndjuFcbEF_1rzdmhaqZVlL8BWsJjnkGFD7oOtu7Hvm_w-6VEEQVoHe_ukK9quD8nfv-TQEZJKKs-_rUKafihNGwUm_-QWFWHFVa85n-BJ13l23knZ2GrkTzPncK6K79hoM=w408-h544-k-no,4.4,24,60,new,
/Users/chiwang/Downloads/dataset_google-maps-extractor_2026-06-13_03-19-44-096.csv,459,Bubbles Dry Cleaners,Dry cleaner,adjacent_service,true,,1600 Vine St #1,Los Angeles,California,US,(323) 461-6050,+13234616050,http://bubblescleaners.com/,bubblescleaners.com,,https://www.google.com/maps/search/?api=1&query=Bubbles%20Dry%20Cleaners&query_place_id=ChIJCTFfuDm_woARAmRut_hfI_w,ChIJCTFfuDm_woARAmRut_hfI_w,https://lh3.googleusercontent.com/gps-cs-s/APNQkAHmxeUXKPdUbg4jleZ_HMx52y-q1zqUfpk07r9juB7m-9yRLPwhz-6SF88axh2A-r4DZP1W95hATUI_JlVTI_-Y0JBrUwbYXZoZ-IkW7j4uGcARN1RZt5ki9d0OHgwARTfs-E0=w408-h544-k-no,4.7,98,70,new,duplicate_website
/Users/chiwang/Downloads/dataset_google-maps-extractor_2026-06-13_03-19-44-096.csv,460,CR Appliance Repair,Appliance repair service,adjacent_service,true,,5930 Barton Ave Appartment #104,Los Angeles,California,US,(888) 418-8575,+18884188575,https://appliance-repair.la/,appliance-repair.la,,https://www.google.com/maps/search/?api=1&query=CR%20Appliance%20Repair&query_place_id=ChIJOf-Jjmu5woAR3VZtljX9T2w,ChIJOf-Jjmu5woAR3VZtljX9T2w,https://lh3.googleusercontent.com/gps-cs-s/APNQkAF4XzZX1eAZWmQgc2dRFbkpgIKwYfvTW7FtMJXx8Te4M2IB_GUPA4xiSqH5KqcTl1uR2gcBBsICOq5FESlQIIMe51yAnywKERA4kIzbkcIkfodltdnf_cFPxBIPAHX54vbPiEKK=w408-h544-k-no,4.9,142,70,new,
/Users/chiwang/Downloads/dataset_google-maps-extractor_2026-06-13_03-19-44-096.csv,463,"Sunny Cleaners - Affordable Dry Cleaning Service, Dry Cleaner, Laundry Company in Los Angeles CA",Dry cleaner,adjacent_service,true,,7355 Sunset Blvd,Los Angeles,California,US,(310) 581-2463,+13105812463,https://sunnycleanersca.com/,sunnycleanersca.com,,https://www.google.com/maps/search/?api=1&query=Sunny%20Cleaners%20-%20Affordable%20Dry%20Cleaning%20Service%2C%20Dry%20Cleaner%2C%20Laundry%20Company%20in%20Los%20Angeles%20CA&query_place_id=ChIJUTt22MK-woARJGn8Kq1YSUA,ChIJUTt22MK-woARJGn8Kq1YSUA,https://lh3.googleusercontent.com/gps-cs-s/APNQkAGK_u3Ip5vUGQjHHcq4bogWu2cL6Y3q1XXLpzctHNCWQ0qG1JU-2v4Ugn0fDJ9YDK4dMP7rR9yHHqDVrX470h1-IjWxxkK1pao-qB1zKIbZK8ngUsP40T7IuhZujGI_UAlCTf8YoXHe3aI=w408-h283-k-no,4.2,45,60,new,
/Users/chiwang/Downloads/dataset_google-maps-extractor_2026-06-13_03-19-44-096.csv,465,SHOEBER HOLLYWOOD,Shoe repair shop,shoe_repair,true,,,,,,(310) 975-9001,+13109759001,http://shoeber.net/,shoeber.net,,https://www.google.com/maps/search/?api=1&query=SHOEBER%20HOLLYWOOD&query_place_id=ChIJHegfyHO_woARBuKo41h5PvQ,ChIJHegfyHO_woARBuKo41h5PvQ,https://lh3.googleusercontent.com/gps-cs-s/APNQkAFx1whNp_SjdTgJy-Lu7aHDsxwim_2ZvyfP2VBtN90RW3Fwlcz0hataC9-0xVwmS9eAqbDm5IZaqReFySz9gwrthz-M7CXaTkQBUeLMPW9Zo2Wx1unFo52-izFjenAI1o5m7Not=w408-h408-k-no,5.0,1,90,new,missing_city;missing_state;duplicate_phone;duplicate_website
/Users/chiwang/Downloads/dataset_google-maps-extractor_2026-06-13_03-19-44-096.csv,466,Celebrity Cleaners,Dry cleaner,adjacent_service,true,,1857 Hillhurst Ave,Los Angeles,California,US,(323) 666-1203,+13236661203,http://celebritycleaners.co/,celebritycleaners.co,,https://www.google.com/maps/search/?api=1&query=Celebrity%20Cleaners&query_place_id=ChIJF3iF2LHAwoAR1bqSJC_bIZc,ChIJF3iF2LHAwoAR1bqSJC_bIZc,https://lh3.googleusercontent.com/gps-cs-s/APNQkAEer_c3pHxJ3XtuzyzJwpN6GkqwNUuCI6NZXC5LK9jKAWxejti0MM-jdMQYwjfbqCXJts08oPW5XzOH6ks64zcm9YqpIgJeqP6l2ZXJ_QwwqZn0bKGBr7yS2y_mmq466FeHKuvM=w408-h544-k-no,4.6,36,65,new,
/Users/chiwang/Downloads/dataset_google-maps-extractor_2026-06-13_03-19-44-096.csv,468,Hillhurst Cleaners,Dry cleaner,adjacent_service,true,,1804 Hillhurst Ave,Los Angeles,California,US,(323) 684-8111,+13236848111,http://www.hillhurstcleaners.com/,hillhurstcleaners.com,,https://www.google.com/maps/search/?api=1&query=Hillhurst%20Cleaners&query_place_id=ChIJS60Z-7HAwoAROlZn2yFS2Fk,ChIJS60Z-7HAwoAROlZn2yFS2Fk,https://lh3.googleusercontent.com/gps-cs-s/APNQkAEhlS9rFfHuWUwVF8-62o3M6ghuOWWIL9TMnsEmBoB_4zl4B8LynWOZy8GIuj9jQsQejDwtb0QkladhDNct7UsMZn591lIqwuYpFWV8L8sTd7ZzSfFVnZ8IWpLOjUsTGyHco9A=w426-h240-k-no,4.6,110,70,new,
/Users/chiwang/Downloads/dataset_google-maps-extractor_2026-06-13_03-19-44-096.csv,471,Coast 1 Hr Cleaners,Dry cleaner,adjacent_service,true,,5213 Sunset Blvd,Los Angeles,California,US,(323) 664-4037,+13236644037,https://www.coast1hourcleaners.com/,coast1hourcleaners.com,,https://www.google.com/maps/search/?api=1&query=Coast%201%20Hr%20Cleaners&query_place_id=ChIJmUpaXWy_woARxzo_iK1RTyU,ChIJmUpaXWy_woARxzo_iK1RTyU,https://lh3.googleusercontent.com/gps-cs-s/APNQkAFSx8luYnzky01WZekgmSr4vO7iz3Ru1Ju8NRSLJT4RKd_kcJukhn2lP19tNKBu7V-2jrGy0FsLEsD9ruUzKmvmrwgSYMa-O7oQgR_UXwxS9J7bJE-Wo895ONXZZwfizOwM_MA=w408-h408-k-no,4.9,62,70,new,
/Users/chiwang/Downloads/dataset_google-maps-extractor_2026-06-13_03-19-44-096.csv,481,Imperial Dry Cleaners,Dry cleaner,adjacent_service,true,,502 S Western Ave,Los Angeles,California,US,(213) 487-5470,+12134875470,http://imperialcleaner.com/,imperialcleaner.com,,https://www.google.com/maps/search/?api=1&query=Imperial%20Dry%20Cleaners&query_place_id=ChIJN3bdWpq4woAR8xelsmgFO3o,ChIJN3bdWpq4woAR8xelsmgFO3o,https://lh3.googleusercontent.com/gps-cs-s/APNQkAFjS0krfHQ_51IIYzASJvDMbo57ai7rrSUOg8r3a22dNRmhubd56T4vA6TN25-HBCMaIkiLzDprpvwekseYAyoEkRnsy3weEk8GUj5dl598vTqpLIuRnkfUbRQpYgEkMUnkn6v6=w408-h272-k-no,3.3,81,60,new,
/Users/chiwang/Downloads/dataset_google-maps-extractor_2026-06-13_03-19-44-096.csv,482,Gold Finger l Best Tailor shop In Los Angeles l 명품 양복점,Tailor,adjacent_service,true,,975 S Vermont Ave,Los Angeles,California,US,(213) 386-5858,+12133865858,https://goldfingertailorla.com/,goldfingertailorla.com,,https://www.google.com/maps/search/?api=1&query=Gold%20Finger%20l%20Best%20Tailor%20shop%20In%20Los%20Angeles%20l%20%EB%AA%85%ED%92%88%20%EC%96%91%EB%B3%B5%EC%A0%90&query_place_id=ChIJRf3gSoLHwoAROWKGq5e6CR0,ChIJRf3gSoLHwoAROWKGq5e6CR0,https://lh3.googleusercontent.com/gps-cs-s/APNQkAEtj7Bx_1MKTfo7I1egt2wd5YtyuLfBfhS5rahD6pOXVnHN4SOKkLiUSsxYZTM_0WIK9d28QfXmJwF1f4IRqSimZsLqk0oW9OcL0yRWuPW1LC5Hcnw0Fb-EULlzUC8OsBObuQWUPw=w408-h408-k-no,4.4,34,60,new,
/Users/chiwang/Downloads/dataset_google-maps-extractor_2026-06-13_03-19-44-096.csv,500,UpKeep Sneaker Cleaning,Shoe repair shop,shoe_repair,true,,5616 S San Vicente Blvd,Los Angeles,California,US,(323) 936-6883,+13239366883,https://upkeepshoes.com/,upkeepshoes.com,,https://www.google.com/maps/search/?api=1&query=UpKeep%20Sneaker%20Cleaning&query_place_id=ChIJ0-zPOIC5woARZ9aq-1d_uh8,ChIJ0-zPOIC5woARZ9aq-1d_uh8,https://lh3.googleusercontent.com/gps-cs-s/APNQkAHoDkH_VxrNmPyIg78xuDN6qlYkzBOoaObJ2pDGNfoxD77ENtFoIulExhr-_W0yzQPRz_2SBo15qg9FvUSxPpRpej966No_mYhCo-Lp_RWe4Jalb6_Vh8Rob0sWswP3IOK6WwFtRdqos5D4=w408-h272-k-no,5.0,1,90,new,duplicate_phone;duplicate_website
/Users/chiwang/Downloads/dataset_google-maps-extractor_2026-06-13_03-19-44-096.csv,501,Upkeep,Shoe repair shop,shoe_repair,true,,5616 S San Vicente Blvd,Los Angeles,California,US,(323) 936-6883,+13239366883,http://upkeepshoes.com/,upkeepshoes.com,,https://www.google.com/maps/search/?api=1&query=Upkeep&query_place_id=ChIJDcMaKQC5woAR_JFIZgZ0UTI,ChIJDcMaKQC5woAR_JFIZgZ0UTI,https://streetviewpixels-pa.googleapis.com/v1/thumbnail?panoid=o9xZ5xA2xLJdu3POzSs6oQ&cb_client=search.gws-prod.gps&w=408&h=240&yaw=200.79037&pitch=0&thumbfov=100,,,80,new,duplicate_phone;duplicate_website
/Users/chiwang/Downloads/dataset_google-maps-extractor_2026-06-13_03-19-44-096.csv,502,Cali Green Cleaners,Shoe repair shop,shoe_repair,true,,5960 W Olympic Blvd,Los Angeles,California,US,(323) 879-9944,+13238799944,https://caligreencleaners.smrtcleaner.com/,caligreencleaners.smrtcleaner.com,,https://www.google.com/maps/search/?api=1&query=Cali%20Green%20Cleaners&query_place_id=ChIJvxDtSxa5woARLZ0cpDDi0Hs,ChIJvxDtSxa5woARLZ0cpDDi0Hs,https://lh3.googleusercontent.com/gps-cs-s/APNQkAFa2Sp3ZtCD26662YnKmk6A4sHBf89kyFn33rrSt5EF8tXMF7s1Z3TBTzfcm7cPFy3GsYeeeZS7qLbiinGL6V29T_jpcpOssMD9aM5CYzO5LRdyGgDsgw4EuDXc2DxVm4c76aEN9Q=w408-h408-k-no,4.8,43,95,new,
/Users/chiwang/Downloads/dataset_google-maps-extractor_2026-06-13_03-19-44-096.csv,503,Prestige Green Touch Cleaners,Shoe repair shop,shoe_repair,true,,1232 S La Cienega Blvd,Los Angeles,California,US,(310) 652-1200,+13106521200,https://www.prcleaners.com/,prcleaners.com,,https://www.google.com/maps/search/?api=1&query=Prestige%20Green%20Touch%20Cleaners&query_place_id=ChIJh-wD-mm5woARQD97GWDOAO4,ChIJh-wD-mm5woARQD97GWDOAO4,https://lh3.googleusercontent.com/gps-cs-s/APNQkAE7zj-XyNARQDWyN_qqeCzdg2iH5XTFL1kGfD8oVMSAU_O4Mde8GAwJpUInad5Vjact0ChtjReNHGx3cpr-sfEDxPk6XnatJUxK2IbtJ8C3Wmxd5pyeapg_FB4X-IA3pZcetdWCdSgtJBQp=w408-h258-k-no,4.6,63,100,new,
/Users/chiwang/Downloads/dataset_google-maps-extractor_2026-06-13_03-19-44-096.csv,505,Beverly Hills Cleaners,Dry cleaner,adjacent_service,true,,9164 W Pico Blvd,Los Angeles,California,US,(310) 888-0100,+13108880100,http://beverlyhillscleaners.com/,beverlyhillscleaners.com,,https://www.google.com/maps/search/?api=1&query=Beverly%20Hills%20Cleaners&query_place_id=ChIJq6q6FF-5woARFZhjE6RoQUI,ChIJq6q6FF-5woARFZhjE6RoQUI,https://lh3.googleusercontent.com/gps-cs-s/APNQkAG-icJWhCWPWlV6mv8-oA5xji1dqPGr2MuZU4HIjohJCc8XT4vFWWqFJdXjTkp2_6WWDvEsMfQ3CU-0dM8b37QPsfmDLIDEMnszXelbeJdo7AxBdW-11SSja7xvT1SsACGzqdKa=w672-h240-k-no,4.4,125,65,new,
/Users/chiwang/Downloads/dataset_google-maps-extractor_2026-06-13_03-19-44-096.csv,507,Shoe Repair Jack #1,Shoe repair shop,shoe_repair,true,,"1999, 2 Ave of the Stars P3",Los Angeles,California,US,(310) 553-5082,+13105535082,http://www.andre1shoes.com/,andre1shoes.com,,https://www.google.com/maps/search/?api=1&query=Shoe%20Repair%20Jack%20%231&query_place_id=ChIJid25zYy7woARZwpn8KkKL6g,ChIJid25zYy7woARZwpn8KkKL6g,https://lh3.googleusercontent.com/gps-cs-s/APNQkAH0sfncyNocXV940UEBOSJ1YF4EbQpEhNZyHZg9lWCfCwq0Wnb3frYHLVNuRoMBtcpPSwYxy3mnVb2em363yWfQbl4056HwxtsL6pa9t748FREk9snqbYAIH9-gfGUNg7_YLi9w=w426-h240-k-no,5.0,2,90,new,
/Users/chiwang/Downloads/dataset_google-maps-extractor_2026-06-13_03-19-44-096.csv,509,Star One Cleaners,Dry cleaner,adjacent_service,true,,"Human Performance Office, 11901 Santa Monica Blvd",Los Angeles,California,US,(310) 478-8358,+13104788358,http://staronecleaners.com/,staronecleaners.com,,https://www.google.com/maps/search/?api=1&query=Star%20One%20Cleaners&query_place_id=ChIJ7c63bba7woAR8lJV4dR9jaA,ChIJ7c63bba7woAR8lJV4dR9jaA,https://lh3.googleusercontent.com/gps-cs-s/APNQkAGqhh2vGXzyCmvVNDV8Zer0WdDK_Zr-RYKYlm4O7LpSkYH0vA-mC7iyvf_nD8SKGFn-4S3YaSCKpycrofJD2pyai7C9WkLdr_s1fqiZEh7qRpcag6pNCmHfjVlXdcci3cD-TXVaM290WSoh=w408-h408-k-no,4.5,8,60,new,
